[
  {
    "fields": {
      "app_label": "admin",
      "model": "logentry"
    },
    "model": "contenttypes.contenttype",
    "pk": 1
  },
  {
    "fields": {
      "app_label": "polls",
      "model": "category"
    },
    "model": "contenttypes.contenttype",
    "pk": 2
  },
  {
    "fields": {
      "app_label": "polls",
      "model": "choice"
    },
    "model": "contenttypes.contenttype",
    "pk": 3
  },
  {
    "fields": {
      "app_label": "polls",
      "model": "door"
    },
    "model": "contenttypes.contenttype",
    "pk": 4
  },
  {
    "fields": {
      "app_label": "polls",
      "model": "door_frametype"
    },
    "model": "contenttypes.contenttype",
    "pk": 5
  },
  {
    "fields": {
      "app_label": "polls",
      "model": "door_leaftype"
    },
    "model": "contenttypes.contenttype",
    "pk": 6
  },
  {
    "fields": {
      "app_label": "polls",
      "model": "finish"
    },
    "model": "contenttypes.contenttype",
    "pk": 7
  },
  {
    "fields": {
      "app_label": "polls",
      "model": "finishcode"
    },
    "model": "contenttypes.contenttype",
    "pk": 8
  },
  {
    "fields": {
      "app_label": "polls",
      "model": "project"
    },
    "model": "contenttypes.contenttype",
    "pk": 9
  },
  {
    "fields": {
      "app_label": "polls",
      "model": "question"
    },
    "model": "contenttypes.contenttype",
    "pk": 10
  },
  {
    "fields": {
      "app_label": "polls",
      "model": "rel_roomdoor"
    },
    "model": "contenttypes.contenttype",
    "pk": 11
  },
  {
    "fields": {
      "app_label": "polls",
      "model": "room"
    },
    "model": "contenttypes.contenttype",
    "pk": 12
  },
  {
    "fields": {
      "app_label": "polls",
      "model": "supplier"
    },
    "model": "contenttypes.contenttype",
    "pk": 13
  },
  {
    "fields": {
      "app_label": "contenttypes",
      "model": "contenttype"
    },
    "model": "contenttypes.contenttype",
    "pk": 14
  },
  {
    "fields": {
      "app_label": "auth",
      "model": "permission"
    },
    "model": "contenttypes.contenttype",
    "pk": 15
  },
  {
    "fields": {
      "app_label": "auth",
      "model": "group"
    },
    "model": "contenttypes.contenttype",
    "pk": 16
  },
  {
    "fields": {
      "app_label": "auth",
      "model": "user"
    },
    "model": "contenttypes.contenttype",
    "pk": 17
  },
  {
    "fields": {
      "app_label": "sessions",
      "model": "session"
    },
    "model": "contenttypes.contenttype",
    "pk": 18
  },
  {
    "fields": {
      "app_label": "articles",
      "model": "post"
    },
    "model": "contenttypes.contenttype",
    "pk": 19
  },
  {
    "fields": {
      "app_label": "scrpgtest",
      "model": "advantage"
    },
    "model": "contenttypes.contenttype",
    "pk": 20
  },
  {
    "fields": {
      "app_label": "scrpgtest",
      "model": "campaign"
    },
    "model": "contenttypes.contenttype",
    "pk": 21
  },
  {
    "fields": {
      "app_label": "scrpgtest",
      "model": "character"
    },
    "model": "contenttypes.contenttype",
    "pk": 22
  },
  {
    "fields": {
      "app_label": "scrpgtest",
      "model": "charactertype"
    },
    "model": "contenttypes.contenttype",
    "pk": 23
  },
  {
    "fields": {
      "app_label": "scrpgtest",
      "model": "modifier"
    },
    "model": "contenttypes.contenttype",
    "pk": 24
  },
  {
    "fields": {
      "app_label": "scrpgtest",
      "model": "modpackage"
    },
    "model": "contenttypes.contenttype",
    "pk": 25
  },
  {
    "fields": {
      "app_label": "scrpgtest",
      "model": "race"
    },
    "model": "contenttypes.contenttype",
    "pk": 26
  },
  {
    "fields": {
      "app_label": "scrpgtest",
      "model": "rel_advantage"
    },
    "model": "contenttypes.contenttype",
    "pk": 27
  },
  {
    "fields": {
      "app_label": "scrpgtest",
      "model": "specialmodifier"
    },
    "model": "contenttypes.contenttype",
    "pk": 28
  },
  {
    "fields": {
      "app_label": "scrpgtest",
      "model": "status"
    },
    "model": "contenttypes.contenttype",
    "pk": 29
  },
  {
    "fields": {
      "app_label": "scrpgtest",
      "model": "disadvantage"
    },
    "model": "contenttypes.contenttype",
    "pk": 30
  },
  {
    "fields": {
      "app_label": "scrpgtest",
      "model": "rel_disadvantage"
    },
    "model": "contenttypes.contenttype",
    "pk": 31
  },
  {
    "fields": {
      "app_label": "scrpgtest",
      "model": "rel_skill"
    },
    "model": "contenttypes.contenttype",
    "pk": 32
  },
  {
    "fields": {
      "app_label": "scrpgtest",
      "model": "skill"
    },
    "model": "contenttypes.contenttype",
    "pk": 33
  },
  {
    "fields": {
      "app_label": "scrpgtest",
      "model": "language"
    },
    "model": "contenttypes.contenttype",
    "pk": 34
  },
  {
    "fields": {
      "app_label": "scrpgtest",
      "model": "rel_language"
    },
    "model": "contenttypes.contenttype",
    "pk": 35
  },
  {
    "fields": {
      "codename": "add_logentry",
      "content_type": 1,
      "name": "Can add log entry"
    },
    "model": "auth.permission",
    "pk": 1
  },
  {
    "fields": {
      "codename": "change_logentry",
      "content_type": 1,
      "name": "Can change log entry"
    },
    "model": "auth.permission",
    "pk": 2
  },
  {
    "fields": {
      "codename": "delete_logentry",
      "content_type": 1,
      "name": "Can delete log entry"
    },
    "model": "auth.permission",
    "pk": 3
  },
  {
    "fields": {
      "codename": "view_logentry",
      "content_type": 1,
      "name": "Can view log entry"
    },
    "model": "auth.permission",
    "pk": 4
  },
  {
    "fields": {
      "codename": "add_category",
      "content_type": 2,
      "name": "Can add category"
    },
    "model": "auth.permission",
    "pk": 5
  },
  {
    "fields": {
      "codename": "change_category",
      "content_type": 2,
      "name": "Can change category"
    },
    "model": "auth.permission",
    "pk": 6
  },
  {
    "fields": {
      "codename": "delete_category",
      "content_type": 2,
      "name": "Can delete category"
    },
    "model": "auth.permission",
    "pk": 7
  },
  {
    "fields": {
      "codename": "view_category",
      "content_type": 2,
      "name": "Can view category"
    },
    "model": "auth.permission",
    "pk": 8
  },
  {
    "fields": {
      "codename": "add_choice",
      "content_type": 3,
      "name": "Can add choice"
    },
    "model": "auth.permission",
    "pk": 9
  },
  {
    "fields": {
      "codename": "change_choice",
      "content_type": 3,
      "name": "Can change choice"
    },
    "model": "auth.permission",
    "pk": 10
  },
  {
    "fields": {
      "codename": "delete_choice",
      "content_type": 3,
      "name": "Can delete choice"
    },
    "model": "auth.permission",
    "pk": 11
  },
  {
    "fields": {
      "codename": "view_choice",
      "content_type": 3,
      "name": "Can view choice"
    },
    "model": "auth.permission",
    "pk": 12
  },
  {
    "fields": {
      "codename": "add_door",
      "content_type": 4,
      "name": "Can add door"
    },
    "model": "auth.permission",
    "pk": 13
  },
  {
    "fields": {
      "codename": "change_door",
      "content_type": 4,
      "name": "Can change door"
    },
    "model": "auth.permission",
    "pk": 14
  },
  {
    "fields": {
      "codename": "delete_door",
      "content_type": 4,
      "name": "Can delete door"
    },
    "model": "auth.permission",
    "pk": 15
  },
  {
    "fields": {
      "codename": "view_door",
      "content_type": 4,
      "name": "Can view door"
    },
    "model": "auth.permission",
    "pk": 16
  },
  {
    "fields": {
      "codename": "add_door_frametype",
      "content_type": 5,
      "name": "Can add door_frame type"
    },
    "model": "auth.permission",
    "pk": 17
  },
  {
    "fields": {
      "codename": "change_door_frametype",
      "content_type": 5,
      "name": "Can change door_frame type"
    },
    "model": "auth.permission",
    "pk": 18
  },
  {
    "fields": {
      "codename": "delete_door_frametype",
      "content_type": 5,
      "name": "Can delete door_frame type"
    },
    "model": "auth.permission",
    "pk": 19
  },
  {
    "fields": {
      "codename": "view_door_frametype",
      "content_type": 5,
      "name": "Can view door_frame type"
    },
    "model": "auth.permission",
    "pk": 20
  },
  {
    "fields": {
      "codename": "add_door_leaftype",
      "content_type": 6,
      "name": "Can add door_leaf type"
    },
    "model": "auth.permission",
    "pk": 21
  },
  {
    "fields": {
      "codename": "change_door_leaftype",
      "content_type": 6,
      "name": "Can change door_leaf type"
    },
    "model": "auth.permission",
    "pk": 22
  },
  {
    "fields": {
      "codename": "delete_door_leaftype",
      "content_type": 6,
      "name": "Can delete door_leaf type"
    },
    "model": "auth.permission",
    "pk": 23
  },
  {
    "fields": {
      "codename": "view_door_leaftype",
      "content_type": 6,
      "name": "Can view door_leaf type"
    },
    "model": "auth.permission",
    "pk": 24
  },
  {
    "fields": {
      "codename": "add_finish",
      "content_type": 7,
      "name": "Can add finish"
    },
    "model": "auth.permission",
    "pk": 25
  },
  {
    "fields": {
      "codename": "change_finish",
      "content_type": 7,
      "name": "Can change finish"
    },
    "model": "auth.permission",
    "pk": 26
  },
  {
    "fields": {
      "codename": "delete_finish",
      "content_type": 7,
      "name": "Can delete finish"
    },
    "model": "auth.permission",
    "pk": 27
  },
  {
    "fields": {
      "codename": "view_finish",
      "content_type": 7,
      "name": "Can view finish"
    },
    "model": "auth.permission",
    "pk": 28
  },
  {
    "fields": {
      "codename": "add_finishcode",
      "content_type": 8,
      "name": "Can add finish code"
    },
    "model": "auth.permission",
    "pk": 29
  },
  {
    "fields": {
      "codename": "change_finishcode",
      "content_type": 8,
      "name": "Can change finish code"
    },
    "model": "auth.permission",
    "pk": 30
  },
  {
    "fields": {
      "codename": "delete_finishcode",
      "content_type": 8,
      "name": "Can delete finish code"
    },
    "model": "auth.permission",
    "pk": 31
  },
  {
    "fields": {
      "codename": "view_finishcode",
      "content_type": 8,
      "name": "Can view finish code"
    },
    "model": "auth.permission",
    "pk": 32
  },
  {
    "fields": {
      "codename": "add_project",
      "content_type": 9,
      "name": "Can add project"
    },
    "model": "auth.permission",
    "pk": 33
  },
  {
    "fields": {
      "codename": "change_project",
      "content_type": 9,
      "name": "Can change project"
    },
    "model": "auth.permission",
    "pk": 34
  },
  {
    "fields": {
      "codename": "delete_project",
      "content_type": 9,
      "name": "Can delete project"
    },
    "model": "auth.permission",
    "pk": 35
  },
  {
    "fields": {
      "codename": "view_project",
      "content_type": 9,
      "name": "Can view project"
    },
    "model": "auth.permission",
    "pk": 36
  },
  {
    "fields": {
      "codename": "add_question",
      "content_type": 10,
      "name": "Can add question"
    },
    "model": "auth.permission",
    "pk": 37
  },
  {
    "fields": {
      "codename": "change_question",
      "content_type": 10,
      "name": "Can change question"
    },
    "model": "auth.permission",
    "pk": 38
  },
  {
    "fields": {
      "codename": "delete_question",
      "content_type": 10,
      "name": "Can delete question"
    },
    "model": "auth.permission",
    "pk": 39
  },
  {
    "fields": {
      "codename": "view_question",
      "content_type": 10,
      "name": "Can view question"
    },
    "model": "auth.permission",
    "pk": 40
  },
  {
    "fields": {
      "codename": "add_rel_roomdoor",
      "content_type": 11,
      "name": "Can add rel_room door"
    },
    "model": "auth.permission",
    "pk": 41
  },
  {
    "fields": {
      "codename": "change_rel_roomdoor",
      "content_type": 11,
      "name": "Can change rel_room door"
    },
    "model": "auth.permission",
    "pk": 42
  },
  {
    "fields": {
      "codename": "delete_rel_roomdoor",
      "content_type": 11,
      "name": "Can delete rel_room door"
    },
    "model": "auth.permission",
    "pk": 43
  },
  {
    "fields": {
      "codename": "view_rel_roomdoor",
      "content_type": 11,
      "name": "Can view rel_room door"
    },
    "model": "auth.permission",
    "pk": 44
  },
  {
    "fields": {
      "codename": "add_room",
      "content_type": 12,
      "name": "Can add room"
    },
    "model": "auth.permission",
    "pk": 45
  },
  {
    "fields": {
      "codename": "change_room",
      "content_type": 12,
      "name": "Can change room"
    },
    "model": "auth.permission",
    "pk": 46
  },
  {
    "fields": {
      "codename": "delete_room",
      "content_type": 12,
      "name": "Can delete room"
    },
    "model": "auth.permission",
    "pk": 47
  },
  {
    "fields": {
      "codename": "view_room",
      "content_type": 12,
      "name": "Can view room"
    },
    "model": "auth.permission",
    "pk": 48
  },
  {
    "fields": {
      "codename": "add_supplier",
      "content_type": 13,
      "name": "Can add supplier"
    },
    "model": "auth.permission",
    "pk": 49
  },
  {
    "fields": {
      "codename": "change_supplier",
      "content_type": 13,
      "name": "Can change supplier"
    },
    "model": "auth.permission",
    "pk": 50
  },
  {
    "fields": {
      "codename": "delete_supplier",
      "content_type": 13,
      "name": "Can delete supplier"
    },
    "model": "auth.permission",
    "pk": 51
  },
  {
    "fields": {
      "codename": "view_supplier",
      "content_type": 13,
      "name": "Can view supplier"
    },
    "model": "auth.permission",
    "pk": 52
  },
  {
    "fields": {
      "codename": "add_contenttype",
      "content_type": 14,
      "name": "Can add content type"
    },
    "model": "auth.permission",
    "pk": 53
  },
  {
    "fields": {
      "codename": "change_contenttype",
      "content_type": 14,
      "name": "Can change content type"
    },
    "model": "auth.permission",
    "pk": 54
  },
  {
    "fields": {
      "codename": "delete_contenttype",
      "content_type": 14,
      "name": "Can delete content type"
    },
    "model": "auth.permission",
    "pk": 55
  },
  {
    "fields": {
      "codename": "view_contenttype",
      "content_type": 14,
      "name": "Can view content type"
    },
    "model": "auth.permission",
    "pk": 56
  },
  {
    "fields": {
      "codename": "add_permission",
      "content_type": 15,
      "name": "Can add permission"
    },
    "model": "auth.permission",
    "pk": 57
  },
  {
    "fields": {
      "codename": "change_permission",
      "content_type": 15,
      "name": "Can change permission"
    },
    "model": "auth.permission",
    "pk": 58
  },
  {
    "fields": {
      "codename": "delete_permission",
      "content_type": 15,
      "name": "Can delete permission"
    },
    "model": "auth.permission",
    "pk": 59
  },
  {
    "fields": {
      "codename": "view_permission",
      "content_type": 15,
      "name": "Can view permission"
    },
    "model": "auth.permission",
    "pk": 60
  },
  {
    "fields": {
      "codename": "add_group",
      "content_type": 16,
      "name": "Can add group"
    },
    "model": "auth.permission",
    "pk": 61
  },
  {
    "fields": {
      "codename": "change_group",
      "content_type": 16,
      "name": "Can change group"
    },
    "model": "auth.permission",
    "pk": 62
  },
  {
    "fields": {
      "codename": "delete_group",
      "content_type": 16,
      "name": "Can delete group"
    },
    "model": "auth.permission",
    "pk": 63
  },
  {
    "fields": {
      "codename": "view_group",
      "content_type": 16,
      "name": "Can view group"
    },
    "model": "auth.permission",
    "pk": 64
  },
  {
    "fields": {
      "codename": "add_user",
      "content_type": 17,
      "name": "Can add user"
    },
    "model": "auth.permission",
    "pk": 65
  },
  {
    "fields": {
      "codename": "change_user",
      "content_type": 17,
      "name": "Can change user"
    },
    "model": "auth.permission",
    "pk": 66
  },
  {
    "fields": {
      "codename": "delete_user",
      "content_type": 17,
      "name": "Can delete user"
    },
    "model": "auth.permission",
    "pk": 67
  },
  {
    "fields": {
      "codename": "view_user",
      "content_type": 17,
      "name": "Can view user"
    },
    "model": "auth.permission",
    "pk": 68
  },
  {
    "fields": {
      "codename": "add_session",
      "content_type": 18,
      "name": "Can add session"
    },
    "model": "auth.permission",
    "pk": 69
  },
  {
    "fields": {
      "codename": "change_session",
      "content_type": 18,
      "name": "Can change session"
    },
    "model": "auth.permission",
    "pk": 70
  },
  {
    "fields": {
      "codename": "delete_session",
      "content_type": 18,
      "name": "Can delete session"
    },
    "model": "auth.permission",
    "pk": 71
  },
  {
    "fields": {
      "codename": "view_session",
      "content_type": 18,
      "name": "Can view session"
    },
    "model": "auth.permission",
    "pk": 72
  },
  {
    "fields": {
      "codename": "add_post",
      "content_type": 19,
      "name": "Can add post"
    },
    "model": "auth.permission",
    "pk": 73
  },
  {
    "fields": {
      "codename": "change_post",
      "content_type": 19,
      "name": "Can change post"
    },
    "model": "auth.permission",
    "pk": 74
  },
  {
    "fields": {
      "codename": "delete_post",
      "content_type": 19,
      "name": "Can delete post"
    },
    "model": "auth.permission",
    "pk": 75
  },
  {
    "fields": {
      "codename": "view_post",
      "content_type": 19,
      "name": "Can view post"
    },
    "model": "auth.permission",
    "pk": 76
  },
  {
    "fields": {
      "codename": "add_advantage",
      "content_type": 20,
      "name": "Can add advantage"
    },
    "model": "auth.permission",
    "pk": 77
  },
  {
    "fields": {
      "codename": "change_advantage",
      "content_type": 20,
      "name": "Can change advantage"
    },
    "model": "auth.permission",
    "pk": 78
  },
  {
    "fields": {
      "codename": "delete_advantage",
      "content_type": 20,
      "name": "Can delete advantage"
    },
    "model": "auth.permission",
    "pk": 79
  },
  {
    "fields": {
      "codename": "view_advantage",
      "content_type": 20,
      "name": "Can view advantage"
    },
    "model": "auth.permission",
    "pk": 80
  },
  {
    "fields": {
      "codename": "add_campaign",
      "content_type": 21,
      "name": "Can add campaign"
    },
    "model": "auth.permission",
    "pk": 81
  },
  {
    "fields": {
      "codename": "change_campaign",
      "content_type": 21,
      "name": "Can change campaign"
    },
    "model": "auth.permission",
    "pk": 82
  },
  {
    "fields": {
      "codename": "delete_campaign",
      "content_type": 21,
      "name": "Can delete campaign"
    },
    "model": "auth.permission",
    "pk": 83
  },
  {
    "fields": {
      "codename": "view_campaign",
      "content_type": 21,
      "name": "Can view campaign"
    },
    "model": "auth.permission",
    "pk": 84
  },
  {
    "fields": {
      "codename": "add_character",
      "content_type": 22,
      "name": "Can add character"
    },
    "model": "auth.permission",
    "pk": 85
  },
  {
    "fields": {
      "codename": "change_character",
      "content_type": 22,
      "name": "Can change character"
    },
    "model": "auth.permission",
    "pk": 86
  },
  {
    "fields": {
      "codename": "delete_character",
      "content_type": 22,
      "name": "Can delete character"
    },
    "model": "auth.permission",
    "pk": 87
  },
  {
    "fields": {
      "codename": "view_character",
      "content_type": 22,
      "name": "Can view character"
    },
    "model": "auth.permission",
    "pk": 88
  },
  {
    "fields": {
      "codename": "add_charactertype",
      "content_type": 23,
      "name": "Can add character type"
    },
    "model": "auth.permission",
    "pk": 89
  },
  {
    "fields": {
      "codename": "change_charactertype",
      "content_type": 23,
      "name": "Can change character type"
    },
    "model": "auth.permission",
    "pk": 90
  },
  {
    "fields": {
      "codename": "delete_charactertype",
      "content_type": 23,
      "name": "Can delete character type"
    },
    "model": "auth.permission",
    "pk": 91
  },
  {
    "fields": {
      "codename": "view_charactertype",
      "content_type": 23,
      "name": "Can view character type"
    },
    "model": "auth.permission",
    "pk": 92
  },
  {
    "fields": {
      "codename": "add_modifier",
      "content_type": 24,
      "name": "Can add modifier"
    },
    "model": "auth.permission",
    "pk": 93
  },
  {
    "fields": {
      "codename": "change_modifier",
      "content_type": 24,
      "name": "Can change modifier"
    },
    "model": "auth.permission",
    "pk": 94
  },
  {
    "fields": {
      "codename": "delete_modifier",
      "content_type": 24,
      "name": "Can delete modifier"
    },
    "model": "auth.permission",
    "pk": 95
  },
  {
    "fields": {
      "codename": "view_modifier",
      "content_type": 24,
      "name": "Can view modifier"
    },
    "model": "auth.permission",
    "pk": 96
  },
  {
    "fields": {
      "codename": "add_modpackage",
      "content_type": 25,
      "name": "Can add mod package"
    },
    "model": "auth.permission",
    "pk": 97
  },
  {
    "fields": {
      "codename": "change_modpackage",
      "content_type": 25,
      "name": "Can change mod package"
    },
    "model": "auth.permission",
    "pk": 98
  },
  {
    "fields": {
      "codename": "delete_modpackage",
      "content_type": 25,
      "name": "Can delete mod package"
    },
    "model": "auth.permission",
    "pk": 99
  },
  {
    "fields": {
      "codename": "view_modpackage",
      "content_type": 25,
      "name": "Can view mod package"
    },
    "model": "auth.permission",
    "pk": 100
  },
  {
    "fields": {
      "codename": "add_race",
      "content_type": 26,
      "name": "Can add race"
    },
    "model": "auth.permission",
    "pk": 101
  },
  {
    "fields": {
      "codename": "change_race",
      "content_type": 26,
      "name": "Can change race"
    },
    "model": "auth.permission",
    "pk": 102
  },
  {
    "fields": {
      "codename": "delete_race",
      "content_type": 26,
      "name": "Can delete race"
    },
    "model": "auth.permission",
    "pk": 103
  },
  {
    "fields": {
      "codename": "view_race",
      "content_type": 26,
      "name": "Can view race"
    },
    "model": "auth.permission",
    "pk": 104
  },
  {
    "fields": {
      "codename": "add_rel_advantage",
      "content_type": 27,
      "name": "Can add rel_advantage"
    },
    "model": "auth.permission",
    "pk": 105
  },
  {
    "fields": {
      "codename": "change_rel_advantage",
      "content_type": 27,
      "name": "Can change rel_advantage"
    },
    "model": "auth.permission",
    "pk": 106
  },
  {
    "fields": {
      "codename": "delete_rel_advantage",
      "content_type": 27,
      "name": "Can delete rel_advantage"
    },
    "model": "auth.permission",
    "pk": 107
  },
  {
    "fields": {
      "codename": "view_rel_advantage",
      "content_type": 27,
      "name": "Can view rel_advantage"
    },
    "model": "auth.permission",
    "pk": 108
  },
  {
    "fields": {
      "codename": "add_specialmodifier",
      "content_type": 28,
      "name": "Can add specialmodifier"
    },
    "model": "auth.permission",
    "pk": 109
  },
  {
    "fields": {
      "codename": "change_specialmodifier",
      "content_type": 28,
      "name": "Can change specialmodifier"
    },
    "model": "auth.permission",
    "pk": 110
  },
  {
    "fields": {
      "codename": "delete_specialmodifier",
      "content_type": 28,
      "name": "Can delete specialmodifier"
    },
    "model": "auth.permission",
    "pk": 111
  },
  {
    "fields": {
      "codename": "view_specialmodifier",
      "content_type": 28,
      "name": "Can view specialmodifier"
    },
    "model": "auth.permission",
    "pk": 112
  },
  {
    "fields": {
      "codename": "add_status",
      "content_type": 29,
      "name": "Can add status"
    },
    "model": "auth.permission",
    "pk": 113
  },
  {
    "fields": {
      "codename": "change_status",
      "content_type": 29,
      "name": "Can change status"
    },
    "model": "auth.permission",
    "pk": 114
  },
  {
    "fields": {
      "codename": "delete_status",
      "content_type": 29,
      "name": "Can delete status"
    },
    "model": "auth.permission",
    "pk": 115
  },
  {
    "fields": {
      "codename": "view_status",
      "content_type": 29,
      "name": "Can view status"
    },
    "model": "auth.permission",
    "pk": 116
  },
  {
    "fields": {
      "codename": "add_disadvantage",
      "content_type": 30,
      "name": "Can add disadvantage"
    },
    "model": "auth.permission",
    "pk": 117
  },
  {
    "fields": {
      "codename": "change_disadvantage",
      "content_type": 30,
      "name": "Can change disadvantage"
    },
    "model": "auth.permission",
    "pk": 118
  },
  {
    "fields": {
      "codename": "delete_disadvantage",
      "content_type": 30,
      "name": "Can delete disadvantage"
    },
    "model": "auth.permission",
    "pk": 119
  },
  {
    "fields": {
      "codename": "view_disadvantage",
      "content_type": 30,
      "name": "Can view disadvantage"
    },
    "model": "auth.permission",
    "pk": 120
  },
  {
    "fields": {
      "codename": "add_rel_disadvantage",
      "content_type": 31,
      "name": "Can add rel_disadvantage"
    },
    "model": "auth.permission",
    "pk": 121
  },
  {
    "fields": {
      "codename": "change_rel_disadvantage",
      "content_type": 31,
      "name": "Can change rel_disadvantage"
    },
    "model": "auth.permission",
    "pk": 122
  },
  {
    "fields": {
      "codename": "delete_rel_disadvantage",
      "content_type": 31,
      "name": "Can delete rel_disadvantage"
    },
    "model": "auth.permission",
    "pk": 123
  },
  {
    "fields": {
      "codename": "view_rel_disadvantage",
      "content_type": 31,
      "name": "Can view rel_disadvantage"
    },
    "model": "auth.permission",
    "pk": 124
  },
  {
    "fields": {
      "codename": "add_rel_skill",
      "content_type": 32,
      "name": "Can add rel_skill"
    },
    "model": "auth.permission",
    "pk": 125
  },
  {
    "fields": {
      "codename": "change_rel_skill",
      "content_type": 32,
      "name": "Can change rel_skill"
    },
    "model": "auth.permission",
    "pk": 126
  },
  {
    "fields": {
      "codename": "delete_rel_skill",
      "content_type": 32,
      "name": "Can delete rel_skill"
    },
    "model": "auth.permission",
    "pk": 127
  },
  {
    "fields": {
      "codename": "view_rel_skill",
      "content_type": 32,
      "name": "Can view rel_skill"
    },
    "model": "auth.permission",
    "pk": 128
  },
  {
    "fields": {
      "codename": "add_skill",
      "content_type": 33,
      "name": "Can add skill"
    },
    "model": "auth.permission",
    "pk": 129
  },
  {
    "fields": {
      "codename": "change_skill",
      "content_type": 33,
      "name": "Can change skill"
    },
    "model": "auth.permission",
    "pk": 130
  },
  {
    "fields": {
      "codename": "delete_skill",
      "content_type": 33,
      "name": "Can delete skill"
    },
    "model": "auth.permission",
    "pk": 131
  },
  {
    "fields": {
      "codename": "view_skill",
      "content_type": 33,
      "name": "Can view skill"
    },
    "model": "auth.permission",
    "pk": 132
  },
  {
    "fields": {
      "codename": "add_language",
      "content_type": 34,
      "name": "Can add language"
    },
    "model": "auth.permission",
    "pk": 133
  },
  {
    "fields": {
      "codename": "change_language",
      "content_type": 34,
      "name": "Can change language"
    },
    "model": "auth.permission",
    "pk": 134
  },
  {
    "fields": {
      "codename": "delete_language",
      "content_type": 34,
      "name": "Can delete language"
    },
    "model": "auth.permission",
    "pk": 135
  },
  {
    "fields": {
      "codename": "view_language",
      "content_type": 34,
      "name": "Can view language"
    },
    "model": "auth.permission",
    "pk": 136
  },
  {
    "fields": {
      "codename": "add_rel_language",
      "content_type": 35,
      "name": "Can add rel_language"
    },
    "model": "auth.permission",
    "pk": 137
  },
  {
    "fields": {
      "codename": "change_rel_language",
      "content_type": 35,
      "name": "Can change rel_language"
    },
    "model": "auth.permission",
    "pk": 138
  },
  {
    "fields": {
      "codename": "delete_rel_language",
      "content_type": 35,
      "name": "Can delete rel_language"
    },
    "model": "auth.permission",
    "pk": 139
  },
  {
    "fields": {
      "codename": "view_rel_language",
      "content_type": 35,
      "name": "Can view rel_language"
    },
    "model": "auth.permission",
    "pk": 140
  },
  {
    "fields": {
      "codename": "add_profile",
      "content_type": 36,
      "name": "Can add profile"
    },
    "model": "auth.permission",
    "pk": 141
  },
  {
    "fields": {
      "codename": "change_profile",
      "content_type": 36,
      "name": "Can change profile"
    },
    "model": "auth.permission",
    "pk": 142
  },
  {
    "fields": {
      "codename": "delete_profile",
      "content_type": 36,
      "name": "Can delete profile"
    },
    "model": "auth.permission",
    "pk": 143
  },
  {
    "fields": {
      "codename": "view_profile",
      "content_type": 36,
      "name": "Can view profile"
    },
    "model": "auth.permission",
    "pk": 144
  },
  {
    "fields": {
      "codename": "add_submission",
      "content_type": 37,
      "name": "Can add submission"
    },
    "model": "auth.permission",
    "pk": 145
  },
  {
    "fields": {
      "codename": "change_submission",
      "content_type": 37,
      "name": "Can change submission"
    },
    "model": "auth.permission",
    "pk": 146
  },
  {
    "fields": {
      "codename": "delete_submission",
      "content_type": 37,
      "name": "Can delete submission"
    },
    "model": "auth.permission",
    "pk": 147
  },
  {
    "fields": {
      "codename": "view_submission",
      "content_type": 37,
      "name": "Can view submission"
    },
    "model": "auth.permission",
    "pk": 148
  },
  {
    "fields": {
      "codename": "add_tag",
      "content_type": 38,
      "name": "Can add tag"
    },
    "model": "auth.permission",
    "pk": 149
  },
  {
    "fields": {
      "codename": "change_tag",
      "content_type": 38,
      "name": "Can change tag"
    },
    "model": "auth.permission",
    "pk": 150
  },
  {
    "fields": {
      "codename": "delete_tag",
      "content_type": 38,
      "name": "Can delete tag"
    },
    "model": "auth.permission",
    "pk": 151
  },
  {
    "fields": {
      "codename": "view_tag",
      "content_type": 38,
      "name": "Can view tag"
    },
    "model": "auth.permission",
    "pk": 152
  },
  {
    "fields": {
      "codename": "add_taggeditem",
      "content_type": 39,
      "name": "Can add tagged item"
    },
    "model": "auth.permission",
    "pk": 153
  },
  {
    "fields": {
      "codename": "change_taggeditem",
      "content_type": 39,
      "name": "Can change tagged item"
    },
    "model": "auth.permission",
    "pk": 154
  },
  {
    "fields": {
      "codename": "delete_taggeditem",
      "content_type": 39,
      "name": "Can delete tagged item"
    },
    "model": "auth.permission",
    "pk": 155
  },
  {
    "fields": {
      "codename": "view_taggeditem",
      "content_type": 39,
      "name": "Can view tagged item"
    },
    "model": "auth.permission",
    "pk": 156
  },
  {
    "fields": {
      "codename": "add_tag",
      "content_type": 40,
      "name": "Can add Tag"
    },
    "model": "auth.permission",
    "pk": 157
  },
  {
    "fields": {
      "codename": "change_tag",
      "content_type": 40,
      "name": "Can change Tag"
    },
    "model": "auth.permission",
    "pk": 158
  },
  {
    "fields": {
      "codename": "delete_tag",
      "content_type": 40,
      "name": "Can delete Tag"
    },
    "model": "auth.permission",
    "pk": 159
  },
  {
    "fields": {
      "codename": "view_tag",
      "content_type": 40,
      "name": "Can view Tag"
    },
    "model": "auth.permission",
    "pk": 160
  },
  {
    "fields": {
      "codename": "add_taggeditem",
      "content_type": 41,
      "name": "Can add Tagged Item"
    },
    "model": "auth.permission",
    "pk": 161
  },
  {
    "fields": {
      "codename": "change_taggeditem",
      "content_type": 41,
      "name": "Can change Tagged Item"
    },
    "model": "auth.permission",
    "pk": 162
  },
  {
    "fields": {
      "codename": "delete_taggeditem",
      "content_type": 41,
      "name": "Can delete Tagged Item"
    },
    "model": "auth.permission",
    "pk": 163
  },
  {
    "fields": {
      "codename": "view_taggeditem",
      "content_type": 41,
      "name": "Can view Tagged Item"
    },
    "model": "auth.permission",
    "pk": 164
  },
  {
    "fields": {
      "codename": "add_rb_item",
      "content_type": 42,
      "name": "Can add rb_item"
    },
    "model": "auth.permission",
    "pk": 165
  },
  {
    "fields": {
      "codename": "change_rb_item",
      "content_type": 42,
      "name": "Can change rb_item"
    },
    "model": "auth.permission",
    "pk": 166
  },
  {
    "fields": {
      "codename": "delete_rb_item",
      "content_type": 42,
      "name": "Can delete rb_item"
    },
    "model": "auth.permission",
    "pk": 167
  },
  {
    "fields": {
      "codename": "view_rb_item",
      "content_type": 42,
      "name": "Can view rb_item"
    },
    "model": "auth.permission",
    "pk": 168
  },
  {
    "fields": {
      "codename": "add_possession",
      "content_type": 43,
      "name": "Can add possession"
    },
    "model": "auth.permission",
    "pk": 169
  },
  {
    "fields": {
      "codename": "change_possession",
      "content_type": 43,
      "name": "Can change possession"
    },
    "model": "auth.permission",
    "pk": 170
  },
  {
    "fields": {
      "codename": "delete_possession",
      "content_type": 43,
      "name": "Can delete possession"
    },
    "model": "auth.permission",
    "pk": 171
  },
  {
    "fields": {
      "codename": "view_possession",
      "content_type": 43,
      "name": "Can view possession"
    },
    "model": "auth.permission",
    "pk": 172
  },
  {
    "fields": {
      "codename": "add_rel_possession",
      "content_type": 44,
      "name": "Can add rel_possession"
    },
    "model": "auth.permission",
    "pk": 173
  },
  {
    "fields": {
      "codename": "change_rel_possession",
      "content_type": 44,
      "name": "Can change rel_possession"
    },
    "model": "auth.permission",
    "pk": 174
  },
  {
    "fields": {
      "codename": "delete_rel_possession",
      "content_type": 44,
      "name": "Can delete rel_possession"
    },
    "model": "auth.permission",
    "pk": 175
  },
  {
    "fields": {
      "codename": "view_rel_possession",
      "content_type": 44,
      "name": "Can view rel_possession"
    },
    "model": "auth.permission",
    "pk": 176
  },
  {
    "fields": {
      "name": "UNSW_TEACHER",
      "permissions": []
    },
    "model": "auth.group",
    "pk": 1
  },
  {
    "fields": {
      "date_joined": "2018-09-15T07:21:49Z",
      "email": "sephbin@gmail.com",
      "first_name": "Andrew",
      "groups": [
        1
      ],
      "is_active": true,
      "is_staff": true,
      "is_superuser": true,
      "last_login": "2018-11-11T09:05:02.632Z",
      "last_name": "Butler",
      "password": "pbkdf2_sha256$120000$ANZHP5qEaEXg$vlXYkJSL/ciRBnlXrPUPLZMulibiz2qi0RwEuk2aK5M=",
      "user_permissions": [],
      "username": "sephbin"
    },
    "model": "auth.user",
    "pk": 1
  },
  {
    "fields": {
      "expire_date": "2018-11-25T09:05:02.662Z",
      "session_data": "ZDM0NjljZWIwZTNmZWY5ZWRmNDA3ZTcyMzFkMzUzMzYzOTMxYmQ4Yzp7Il9hdXRoX3VzZXJfaWQiOiIxIiwiX2F1dGhfdXNlcl9iYWNrZW5kIjoiZGphbmdvLmNvbnRyaWIuYXV0aC5iYWNrZW5kcy5Nb2RlbEJhY2tlbmQiLCJfYXV0aF91c2VyX2hhc2giOiI3NmIzOWZmNzhiNmEwZmFjMjE3YjEyODcwNzY1N2ZkMGI3NzliMWU0In0="
    },
    "model": "sessions.session",
    "pk": "bj4fes293mymxjuw1d1tp2r55axavg9v"
  },
  {
    "fields": {
      "expire_date": "2018-09-29T07:22:35.834Z",
      "session_data": "ZDM0NjljZWIwZTNmZWY5ZWRmNDA3ZTcyMzFkMzUzMzYzOTMxYmQ4Yzp7Il9hdXRoX3VzZXJfaWQiOiIxIiwiX2F1dGhfdXNlcl9iYWNrZW5kIjoiZGphbmdvLmNvbnRyaWIuYXV0aC5iYWNrZW5kcy5Nb2RlbEJhY2tlbmQiLCJfYXV0aF91c2VyX2hhc2giOiI3NmIzOWZmNzhiNmEwZmFjMjE3YjEyODcwNzY1N2ZkMGI3NzliMWU0In0="
    },
    "model": "sessions.session",
    "pk": "l77qqdqq27jda8xwblcvb6847aaf2tdn"
  },
  {
    "fields": {
      "expire_date": "2018-10-14T09:16:14.755Z",
      "session_data": "ZDM0NjljZWIwZTNmZWY5ZWRmNDA3ZTcyMzFkMzUzMzYzOTMxYmQ4Yzp7Il9hdXRoX3VzZXJfaWQiOiIxIiwiX2F1dGhfdXNlcl9iYWNrZW5kIjoiZGphbmdvLmNvbnRyaWIuYXV0aC5iYWNrZW5kcy5Nb2RlbEJhY2tlbmQiLCJfYXV0aF91c2VyX2hhc2giOiI3NmIzOWZmNzhiNmEwZmFjMjE3YjEyODcwNzY1N2ZkMGI3NzliMWU0In0="
    },
    "model": "sessions.session",
    "pk": "qajp86vpg6b355446r8mnie2q1gydfns"
  },
  {
    "fields": {
      "name": "Red Hot Mob"
    },
    "model": "scrpgtest.campaign",
    "pk": 1
  },
  {
    "fields": {
      "type": "NPC"
    },
    "model": "scrpgtest.charactertype",
    "pk": 1
  },
  {
    "fields": {
      "type": "PC"
    },
    "model": "scrpgtest.charactertype",
    "pk": 2
  },
  {
    "fields": {
      "race": "Human"
    },
    "model": "scrpgtest.race",
    "pk": 1
  },
  {
    "fields": {
      "status": "Alive"
    },
    "model": "scrpgtest.status",
    "pk": 1
  },
  {
    "fields": {
      "basecost": 5,
      "description": "-",
      "effect": "",
      "name": "Fit",
      "sources": null,
      "speciallimitations": null,
      "type": "P"
    },
    "model": "scrpgtest.advantage",
    "pk": 1
  },
  {
    "fields": {
      "basecost": 10,
      "description": "-",
      "effect": "",
      "name": "No Sleep",
      "sources": "E",
      "speciallimitations": null,
      "type": "P"
    },
    "model": "scrpgtest.advantage",
    "pk": 2
  },
  {
    "fields": {
      "basecost": 15,
      "description": "-",
      "effect": "",
      "name": "Luck",
      "sources": null,
      "speciallimitations": null,
      "type": null
    },
    "model": "scrpgtest.advantage",
    "pk": 3
  },
  {
    "fields": {
      "basecost": 10,
      "description": "-",
      "effect": "",
      "name": "Musical Ability",
      "sources": null,
      "speciallimitations": null,
      "type": null
    },
    "model": "scrpgtest.advantage",
    "pk": 4
  },
  {
    "fields": {
      "basecost": 15,
      "description": "-",
      "effect": "",
      "name": "Smooth Operator",
      "sources": null,
      "speciallimitations": null,
      "type": null
    },
    "model": "scrpgtest.advantage",
    "pk": 5
  },
  {
    "fields": {
      "basecost": 5,
      "description": "-",
      "effect": "",
      "name": "Status",
      "sources": null,
      "speciallimitations": null,
      "type": null
    },
    "model": "scrpgtest.advantage",
    "pk": 6
  },
  {
    "fields": {
      "basecost": 100,
      "description": "-",
      "effect": "",
      "name": "Super Luck",
      "sources": null,
      "speciallimitations": null,
      "type": null
    },
    "model": "scrpgtest.advantage",
    "pk": 7
  },
  {
    "fields": {
      "basecost": 10,
      "description": "-",
      "effect": "",
      "name": "Visualization",
      "sources": null,
      "speciallimitations": null,
      "type": null
    },
    "model": "scrpgtest.advantage",
    "pk": 8
  },
  {
    "fields": {
      "basecost": 2,
      "description": "Acute Hearing",
      "effect": "",
      "name": "Acute Hearing",
      "sources": null,
      "speciallimitations": null,
      "type": null
    },
    "model": "scrpgtest.advantage",
    "pk": 9
  },
  {
    "fields": {
      "basecost": 12,
      "description": "Attractive",
      "effect": "",
      "name": "Attractive",
      "sources": null,
      "speciallimitations": null,
      "type": null
    },
    "model": "scrpgtest.advantage",
    "pk": 10
  },
  {
    "fields": {
      "basecost": 5,
      "description": "Charisma",
      "effect": "",
      "name": "Charisma",
      "sources": null,
      "speciallimitations": null,
      "type": null
    },
    "model": "scrpgtest.advantage",
    "pk": 11
  },
  {
    "fields": {
      "basecost": 12,
      "description": "Comtacts",
      "effect": "",
      "name": "Contacts",
      "sources": null,
      "speciallimitations": null,
      "type": null
    },
    "model": "scrpgtest.advantage",
    "pk": 12
  },
  {
    "fields": {
      "basecost": 5,
      "description": "Fashion Sense",
      "effect": "",
      "name": "Fashion Sense",
      "sources": null,
      "speciallimitations": null,
      "type": null
    },
    "model": "scrpgtest.advantage",
    "pk": 13
  },
  {
    "fields": {
      "basecost": 5,
      "description": "Social Regard",
      "effect": "",
      "name": "Social Regard",
      "sources": null,
      "speciallimitations": null,
      "type": null
    },
    "model": "scrpgtest.advantage",
    "pk": 14
  },
  {
    "fields": {
      "basecost": 5,
      "description": "Voice",
      "effect": "",
      "name": "Voice",
      "sources": null,
      "speciallimitations": null,
      "type": null
    },
    "model": "scrpgtest.advantage",
    "pk": 15
  },
  {
    "fields": {
      "basecost": 10,
      "description": "Affliction",
      "effect": "",
      "name": "Affliction",
      "sources": null,
      "speciallimitations": null,
      "type": null
    },
    "model": "scrpgtest.advantage",
    "pk": 16
  },
  {
    "fields": {
      "basecost": 15,
      "description": "Combat Reflexes",
      "effect": "",
      "name": "Combat Reflexes",
      "sources": null,
      "speciallimitations": null,
      "type": null
    },
    "model": "scrpgtest.advantage",
    "pk": 17
  },
  {
    "fields": {
      "basecost": 50,
      "description": "Terror",
      "effect": "",
      "name": "Terror* -2",
      "sources": null,
      "speciallimitations": null,
      "type": null
    },
    "model": "scrpgtest.advantage",
    "pk": 18
  },
  {
    "fields": {
      "basecost": 2,
      "description": "Fearlessness",
      "effect": "",
      "name": "Fearlessness",
      "sources": null,
      "speciallimitations": null,
      "type": null
    },
    "model": "scrpgtest.advantage",
    "pk": 19
  },
  {
    "fields": {
      "basecost": 5,
      "description": "Single-Minded",
      "effect": "",
      "name": "Single-Minded",
      "sources": null,
      "speciallimitations": null,
      "type": null
    },
    "model": "scrpgtest.advantage",
    "pk": 20
  },
  {
    "fields": {
      "basecost": 10,
      "description": "-",
      "effect": "",
      "name": "Channeling",
      "sources": null,
      "speciallimitations": null,
      "type": null
    },
    "model": "scrpgtest.advantage",
    "pk": 21
  },
  {
    "fields": {
      "basecost": 10,
      "description": "-",
      "effect": "",
      "name": "Medium",
      "sources": null,
      "speciallimitations": null,
      "type": null
    },
    "model": "scrpgtest.advantage",
    "pk": 22
  },
  {
    "fields": {
      "basecost": 1,
      "description": "-",
      "effect": "",
      "name": "Autotrance",
      "sources": null,
      "speciallimitations": null,
      "type": null
    },
    "model": "scrpgtest.advantage",
    "pk": 23
  },
  {
    "fields": {
      "basecost": 5,
      "description": "-",
      "effect": "",
      "name": "Claim to Hospitality",
      "sources": null,
      "speciallimitations": null,
      "type": null
    },
    "model": "scrpgtest.advantage",
    "pk": 24
  },
  {
    "fields": {
      "basecost": 5,
      "description": "-",
      "effect": "",
      "name": "Sensitive Empathy",
      "sources": null,
      "speciallimitations": null,
      "type": null
    },
    "model": "scrpgtest.advantage",
    "pk": 25
  },
  {
    "fields": {
      "basecost": -10,
      "description": "-",
      "name": "Stubbourn",
      "sources": null,
      "speciallimitations": null,
      "type": null
    },
    "model": "scrpgtest.disadvantage",
    "pk": 1
  },
  {
    "fields": {
      "basecost": -20,
      "description": "Alcoholism",
      "name": "Alcoholism (RHM)",
      "sources": null,
      "speciallimitations": null,
      "type": null
    },
    "model": "scrpgtest.disadvantage",
    "pk": 2
  },
  {
    "fields": {
      "basecost": -10,
      "description": "Compulsive Carousing",
      "name": "Compulsive Carousing",
      "sources": null,
      "speciallimitations": null,
      "type": null
    },
    "model": "scrpgtest.disadvantage",
    "pk": 3
  },
  {
    "fields": {
      "basecost": -5,
      "description": "Compulsive Gambling",
      "name": "Compulsive Gambling",
      "sources": null,
      "speciallimitations": null,
      "type": null
    },
    "model": "scrpgtest.disadvantage",
    "pk": 4
  },
  {
    "fields": {
      "basecost": -5,
      "description": "Curious",
      "name": "Curious",
      "sources": null,
      "speciallimitations": null,
      "type": null
    },
    "model": "scrpgtest.disadvantage",
    "pk": 5
  },
  {
    "fields": {
      "basecost": -5,
      "description": "Pacifism",
      "name": "Pacifism",
      "sources": null,
      "speciallimitations": null,
      "type": null
    },
    "model": "scrpgtest.disadvantage",
    "pk": 6
  },
  {
    "fields": {
      "basecost": -5,
      "description": "Secret",
      "name": "Secret",
      "sources": null,
      "speciallimitations": null,
      "type": null
    },
    "model": "scrpgtest.disadvantage",
    "pk": 7
  },
  {
    "fields": {
      "basecost": -5,
      "description": "Nightmares",
      "name": "Nightmares",
      "sources": null,
      "speciallimitations": null,
      "type": null
    },
    "model": "scrpgtest.disadvantage",
    "pk": 8
  },
  {
    "fields": {
      "basecost": -10,
      "description": "Insomniac",
      "name": "Insomniac",
      "sources": null,
      "speciallimitations": null,
      "type": null
    },
    "model": "scrpgtest.disadvantage",
    "pk": 9
  },
  {
    "fields": {
      "basecost": -5,
      "description": "Overconfidence",
      "name": "Overconfidence",
      "sources": null,
      "speciallimitations": null,
      "type": null
    },
    "model": "scrpgtest.disadvantage",
    "pk": 10
  },
  {
    "fields": {
      "basecost": -10,
      "description": "Addiction (Amphetamines)",
      "name": "Addiction (Amphetamines)",
      "sources": null,
      "speciallimitations": null,
      "type": null
    },
    "model": "scrpgtest.disadvantage",
    "pk": 11
  },
  {
    "fields": {
      "basecost": -15,
      "description": "-",
      "name": "Charitable",
      "sources": null,
      "speciallimitations": null,
      "type": null
    },
    "model": "scrpgtest.disadvantage",
    "pk": 12
  },
  {
    "fields": {
      "basecost": -2,
      "description": "-",
      "name": "Unnatural Features",
      "sources": null,
      "speciallimitations": null,
      "type": null
    },
    "model": "scrpgtest.disadvantage",
    "pk": 13
  },
  {
    "fields": {
      "basecost": -15,
      "description": "-",
      "name": "Fanaticism",
      "sources": null,
      "speciallimitations": null,
      "type": null
    },
    "model": "scrpgtest.disadvantage",
    "pk": 14
  },
  {
    "fields": {
      "basecost": -5,
      "description": "-",
      "name": "Guilt Complex",
      "sources": null,
      "speciallimitations": null,
      "type": null
    },
    "model": "scrpgtest.disadvantage",
    "pk": 15
  },
  {
    "fields": {
      "basecost": -15,
      "description": "-",
      "name": "Lecherousness",
      "sources": null,
      "speciallimitations": null,
      "type": null
    },
    "model": "scrpgtest.disadvantage",
    "pk": 16
  },
  {
    "fields": {
      "basecost": -5,
      "description": "-",
      "name": "Pacifism",
      "sources": null,
      "speciallimitations": null,
      "type": null
    },
    "model": "scrpgtest.disadvantage",
    "pk": 17
  },
  {
    "fields": {
      "basecost": -5,
      "description": "-",
      "name": "Secret",
      "sources": null,
      "speciallimitations": null,
      "type": null
    },
    "model": "scrpgtest.disadvantage",
    "pk": 18
  },
  {
    "fields": {
      "basecost": -10,
      "description": "-",
      "name": "Enemy (Local law-enforcement agency; Watcher; 9 or less)",
      "sources": null,
      "speciallimitations": null,
      "type": null
    },
    "model": "scrpgtest.disadvantage",
    "pk": 19
  },
  {
    "fields": {
      "basecost": -5,
      "description": "-",
      "name": "Callous",
      "sources": null,
      "speciallimitations": null,
      "type": null
    },
    "model": "scrpgtest.disadvantage",
    "pk": 20
  },
  {
    "fields": {
      "basecost": -15,
      "description": "-",
      "name": "Compulsive Lying",
      "sources": null,
      "speciallimitations": null,
      "type": null
    },
    "model": "scrpgtest.disadvantage",
    "pk": 21
  },
  {
    "fields": {
      "basecost": -10,
      "description": "-",
      "name": "Megalomania",
      "sources": null,
      "speciallimitations": null,
      "type": null
    },
    "model": "scrpgtest.disadvantage",
    "pk": 22
  },
  {
    "fields": {
      "skill_attribute": "dx",
      "skill_challenge": "E",
      "skill_defaults": null,
      "skill_description": "",
      "skill_name": "Knife"
    },
    "model": "scrpgtest.skill",
    "pk": 1
  },
  {
    "fields": {
      "skill_attribute": "iq",
      "skill_challenge": "A",
      "skill_defaults": null,
      "skill_description": "",
      "skill_name": "Streetwise"
    },
    "model": "scrpgtest.skill",
    "pk": 2
  },
  {
    "fields": {
      "skill_attribute": "iq",
      "skill_challenge": "A",
      "skill_defaults": null,
      "skill_description": "",
      "skill_name": "Fast-Talk"
    },
    "model": "scrpgtest.skill",
    "pk": 3
  },
  {
    "fields": {
      "skill_attribute": "iq",
      "skill_challenge": "A",
      "skill_defaults": null,
      "skill_description": "",
      "skill_name": "Holdout"
    },
    "model": "scrpgtest.skill",
    "pk": 4
  },
  {
    "fields": {
      "skill_attribute": "iq",
      "skill_challenge": "A",
      "skill_defaults": null,
      "skill_description": "",
      "skill_name": "Merchant"
    },
    "model": "scrpgtest.skill",
    "pk": 5
  },
  {
    "fields": {
      "skill_attribute": "iq",
      "skill_challenge": "A",
      "skill_defaults": null,
      "skill_description": "",
      "skill_name": "Disguise"
    },
    "model": "scrpgtest.skill",
    "pk": 6
  },
  {
    "fields": {
      "skill_attribute": "iq",
      "skill_challenge": "A",
      "skill_defaults": null,
      "skill_description": "",
      "skill_name": "Smuggling"
    },
    "model": "scrpgtest.skill",
    "pk": 7
  },
  {
    "fields": {
      "skill_attribute": "iq",
      "skill_challenge": "E",
      "skill_defaults": null,
      "skill_description": "",
      "skill_name": "Area Knowledge (Home Turf)"
    },
    "model": "scrpgtest.skill",
    "pk": 8
  },
  {
    "fields": {
      "skill_attribute": "dx",
      "skill_challenge": "E",
      "skill_defaults": null,
      "skill_description": "",
      "skill_name": "Guns (Pistol)"
    },
    "model": "scrpgtest.skill",
    "pk": 9
  },
  {
    "fields": {
      "skill_attribute": "dx",
      "skill_challenge": "E",
      "skill_defaults": null,
      "skill_description": "",
      "skill_name": "Fast-Draw (Pistol)"
    },
    "model": "scrpgtest.skill",
    "pk": 10
  },
  {
    "fields": {
      "skill_attribute": "dx",
      "skill_challenge": "A",
      "skill_defaults": null,
      "skill_description": "",
      "skill_name": "Driving"
    },
    "model": "scrpgtest.skill",
    "pk": 11
  },
  {
    "fields": {
      "skill_attribute": "iq",
      "skill_challenge": "E",
      "skill_defaults": null,
      "skill_description": "",
      "skill_name": "Savoir-Faire"
    },
    "model": "scrpgtest.skill",
    "pk": 12
  },
  {
    "fields": {
      "skill_attribute": "will",
      "skill_challenge": "H",
      "skill_defaults": "",
      "skill_description": "Autohypnosis",
      "skill_name": "Autohypnosis"
    },
    "model": "scrpgtest.skill",
    "pk": 13
  },
  {
    "fields": {
      "skill_attribute": "dx",
      "skill_challenge": "A",
      "skill_defaults": "",
      "skill_description": "Boating",
      "skill_name": "Boating"
    },
    "model": "scrpgtest.skill",
    "pk": 14
  },
  {
    "fields": {
      "skill_attribute": "ht",
      "skill_challenge": "E",
      "skill_defaults": "",
      "skill_description": "Carousing",
      "skill_name": "Carousing"
    },
    "model": "scrpgtest.skill",
    "pk": 15
  },
  {
    "fields": {
      "skill_attribute": "iq",
      "skill_challenge": "E",
      "skill_defaults": "",
      "skill_description": "Current Affairs",
      "skill_name": "Current Affairs"
    },
    "model": "scrpgtest.skill",
    "pk": 16
  },
  {
    "fields": {
      "skill_attribute": "iq",
      "skill_challenge": "VH",
      "skill_defaults": "",
      "skill_description": "Musical Influence",
      "skill_name": "Musical Influence"
    },
    "model": "scrpgtest.skill",
    "pk": 17
  },
  {
    "fields": {
      "skill_attribute": "ht",
      "skill_challenge": "E",
      "skill_defaults": "",
      "skill_description": "Singing",
      "skill_name": "Singing"
    },
    "model": "scrpgtest.skill",
    "pk": 18
  },
  {
    "fields": {
      "skill_attribute": "iq",
      "skill_challenge": "A",
      "skill_defaults": "",
      "skill_description": "Performance",
      "skill_name": "Performance"
    },
    "model": "scrpgtest.skill",
    "pk": 19
  },
  {
    "fields": {
      "skill_attribute": "dx",
      "skill_challenge": "A",
      "skill_defaults": "",
      "skill_description": "Dancing",
      "skill_name": "Dancing"
    },
    "model": "scrpgtest.skill",
    "pk": 20
  },
  {
    "fields": {
      "skill_attribute": "iq",
      "skill_challenge": "A",
      "skill_defaults": "",
      "skill_description": "Gambling",
      "skill_name": "Gambling"
    },
    "model": "scrpgtest.skill",
    "pk": 21
  },
  {
    "fields": {
      "skill_attribute": "iq",
      "skill_challenge": "E",
      "skill_defaults": "",
      "skill_description": "Makeup",
      "skill_name": "Makeup"
    },
    "model": "scrpgtest.skill",
    "pk": 22
  },
  {
    "fields": {
      "skill_attribute": "ht",
      "skill_challenge": "A",
      "skill_defaults": "",
      "skill_description": "",
      "skill_name": "Sex Appeal"
    },
    "model": "scrpgtest.skill",
    "pk": 23
  },
  {
    "fields": {
      "skill_attribute": "dx",
      "skill_challenge": "A",
      "skill_defaults": "",
      "skill_description": "",
      "skill_name": "Erotic Art"
    },
    "model": "scrpgtest.skill",
    "pk": 24
  },
  {
    "fields": {
      "skill_attribute": "per",
      "skill_challenge": "H",
      "skill_defaults": "",
      "skill_description": "",
      "skill_name": "Detect Lies"
    },
    "model": "scrpgtest.skill",
    "pk": 25
  },
  {
    "fields": {
      "skill_attribute": "iq",
      "skill_challenge": "A",
      "skill_defaults": "",
      "skill_description": "",
      "skill_name": "Shadowing"
    },
    "model": "scrpgtest.skill",
    "pk": 26
  },
  {
    "fields": {
      "skill_attribute": "iq",
      "skill_challenge": "A",
      "skill_defaults": "",
      "skill_description": "",
      "skill_name": "Lockpicking"
    },
    "model": "scrpgtest.skill",
    "pk": 27
  },
  {
    "fields": {
      "skill_attribute": "iq",
      "skill_challenge": "A",
      "skill_defaults": "",
      "skill_description": "",
      "skill_name": "Interrogation"
    },
    "model": "scrpgtest.skill",
    "pk": 28
  },
  {
    "fields": {
      "skill_attribute": "dx",
      "skill_challenge": "A",
      "skill_defaults": "",
      "skill_description": "",
      "skill_name": "Stealth"
    },
    "model": "scrpgtest.skill",
    "pk": 29
  },
  {
    "fields": {
      "skill_attribute": "dx",
      "skill_challenge": "E",
      "skill_defaults": "",
      "skill_description": "",
      "skill_name": "Brawling"
    },
    "model": "scrpgtest.skill",
    "pk": 30
  },
  {
    "fields": {
      "skill_attribute": "iq",
      "skill_challenge": "A",
      "skill_defaults": "",
      "skill_description": "",
      "skill_name": "Acting"
    },
    "model": "scrpgtest.skill",
    "pk": 31
  },
  {
    "fields": {
      "skill_attribute": "per",
      "skill_challenge": "A",
      "skill_defaults": "",
      "skill_description": "",
      "skill_name": "Observation"
    },
    "model": "scrpgtest.skill",
    "pk": 32
  },
  {
    "fields": {
      "skill_attribute": "iq",
      "skill_challenge": "H",
      "skill_defaults": "",
      "skill_description": "",
      "skill_name": "Diplomacy"
    },
    "model": "scrpgtest.skill",
    "pk": 33
  },
  {
    "fields": {
      "skill_attribute": "iq",
      "skill_challenge": "E",
      "skill_defaults": "",
      "skill_description": "",
      "skill_name": "First Aid"
    },
    "model": "scrpgtest.skill",
    "pk": 34
  },
  {
    "fields": {
      "armourStatsText": "",
      "meleeStatsText": "[{\"damage\": \"sw-2 cut\", \"parry\": \"-1\", \"reach\": \"C,1\", \"skill\": \"Knife\"}, {\"damage\": \"thr imp\", \"parry\": \"-1\", \"reach\": \"C\", \"skill\": \"Knife\"} ]",
      "possession_cost": 1,
      "possession_description": "",
      "possession_name": "Large Knife",
      "possession_weight": 1,
      "rangeStatsText": "[{\"damage\": \"thr imp\", \"range\": \"x0.8/x1.5\", \"skill\":\"Knife\"} ]"
    },
    "model": "scrpgtest.possession",
    "pk": 1
  },
  {
    "fields": {
      "armourStatsText": "",
      "meleeStatsText": "",
      "possession_cost": 400,
      "possession_description": "",
      "possession_name": "S&W .22 LadySmith",
      "possession_weight": 1,
      "rangeStatsText": "[{\"rcl\": \"2\", \"strength\": \"7\", \"notes\": \"\", \"damage\": \"1d pi-\", \"rateOfFire\": \"3\", \"bulk\": \"-1\", \"range\": \"50/850\", \"shots\": \"7(2i)\", \"skill\": \"Guns (Pistol)\", \"accuracy\": \"1\"} ]"
    },
    "model": "scrpgtest.possession",
    "pk": 2
  },
  {
    "fields": {
      "armourStatsText": "",
      "meleeStatsText": "",
      "possession_cost": 10,
      "possession_description": "",
      "possession_name": "Cigarette Lighter",
      "possession_weight": 0,
      "rangeStatsText": ""
    },
    "model": "scrpgtest.possession",
    "pk": 3
  },
  {
    "fields": {
      "language_name": "French"
    },
    "model": "scrpgtest.language",
    "pk": 1
  },
  {
    "fields": {
      "language_name": "English"
    },
    "model": "scrpgtest.language",
    "pk": 2
  },
  {
    "fields": {
      "attributesText": "{}",
      "bm": 5,
      "bs": 5.0,
      "campaign": 1,
      "characterType": 1,
      "connection": null,
      "drText": "{}",
      "dx": 10,
      "firstname": "Monsieur",
      "fp": 10,
      "hp": 10,
      "ht": 10,
      "iq": 12,
      "lastname": "Petit-pois",
      "notes": null,
      "occupation": "Hotelier",
      "per": 12,
      "race": 1,
      "reactions": "{}",
      "sm": 1,
      "st": 10,
      "status": 1,
      "will": 12
    },
    "model": "scrpgtest.character",
    "pk": 1
  },
  {
    "fields": {
      "attributesText": "{}",
      "bm": 5,
      "bs": 5.0,
      "campaign": 1,
      "characterType": 2,
      "connection": null,
      "drText": "{}",
      "dx": 11,
      "firstname": "Esther",
      "fp": 10,
      "hp": 10,
      "ht": 10,
      "iq": 11,
      "lastname": "Fayette",
      "notes": null,
      "occupation": "Hostess",
      "per": 10,
      "race": 1,
      "reactions": "{}",
      "sm": 1,
      "st": 11,
      "status": 1,
      "will": 10
    },
    "model": "scrpgtest.character",
    "pk": 2
  },
  {
    "fields": {
      "attributesText": "-",
      "bm": 5,
      "bs": 5.0,
      "campaign": 1,
      "characterType": 2,
      "connection": null,
      "drText": "-",
      "dx": 11,
      "firstname": "Rosa",
      "fp": 14,
      "hp": 16,
      "ht": 10,
      "iq": 11,
      "lastname": "Laveau",
      "notes": null,
      "occupation": "Jazz Singer",
      "per": 12,
      "race": 1,
      "reactions": "-",
      "sm": 0,
      "st": 8,
      "status": 1,
      "will": 12
    },
    "model": "scrpgtest.character",
    "pk": 3
  },
  {
    "fields": {
      "attributesText": "-",
      "bm": 5,
      "bs": 5.0,
      "campaign": 1,
      "characterType": 2,
      "connection": null,
      "drText": "-",
      "dx": 10,
      "firstname": "Vincent",
      "fp": 10,
      "hp": 10,
      "ht": 12,
      "iq": 12,
      "lastname": "Amant",
      "notes": null,
      "occupation": "Barman",
      "per": 10,
      "race": 1,
      "reactions": "-",
      "sm": 1,
      "st": 10,
      "status": 1,
      "will": 10
    },
    "model": "scrpgtest.character",
    "pk": 4
  },
  {
    "fields": {},
    "model": "scrpgtest.modpackage",
    "pk": 1
  },
  {
    "fields": {},
    "model": "scrpgtest.modpackage",
    "pk": 2
  },
  {
    "fields": {},
    "model": "scrpgtest.modpackage",
    "pk": 3
  },
  {
    "fields": {},
    "model": "scrpgtest.modpackage",
    "pk": 4
  },
  {
    "fields": {},
    "model": "scrpgtest.modpackage",
    "pk": 5
  },
  {
    "fields": {},
    "model": "scrpgtest.modpackage",
    "pk": 6
  },
  {
    "fields": {
      "description": "Test",
      "modPackage": 1,
      "modifier": 10,
      "name": "Test"
    },
    "model": "scrpgtest.modifier",
    "pk": 1
  },
  {
    "fields": {
      "description": "-",
      "modPackage": 1,
      "modifier": 10,
      "name": "Second"
    },
    "model": "scrpgtest.modifier",
    "pk": 2
  },
  {
    "fields": {
      "description": "A  Mod 2",
      "modPackage": 2,
      "modifier": 100,
      "name": "Mod 2"
    },
    "model": "scrpgtest.modifier",
    "pk": 3
  },
  {
    "fields": {
      "description": "-",
      "modPackage": 3,
      "modifier": -10,
      "name": "PM Super"
    },
    "model": "scrpgtest.modifier",
    "pk": 4
  },
  {
    "fields": {
      "description": "-",
      "modPackage": 3,
      "modifier": -10,
      "name": "Requires IQ Roll"
    },
    "model": "scrpgtest.modifier",
    "pk": 5
  },
  {
    "fields": {
      "description": "-",
      "modPackage": 4,
      "modifier": -10,
      "name": "PM Super"
    },
    "model": "scrpgtest.modifier",
    "pk": 6
  },
  {
    "fields": {
      "description": "Heart Attack",
      "modPackage": 5,
      "modifier": 300,
      "name": "Heart Attack"
    },
    "model": "scrpgtest.modifier",
    "pk": 7
  },
  {
    "fields": {
      "description": "Power Modifier Psionic",
      "modPackage": 5,
      "modifier": -10,
      "name": "PM Psionic"
    },
    "model": "scrpgtest.modifier",
    "pk": 8
  },
  {
    "fields": {
      "description": "You can only use your Luck to reroll failed active defense rolls, resistance rolls, or HT rolls to resist the effects of",
      "modPackage": 6,
      "modifier": -20,
      "name": "Defensive"
    },
    "model": "scrpgtest.modifier",
    "pk": 9
  },
  {
    "fields": {
      "advantage": 1,
      "character": 1,
      "modifiers": 1,
      "rank": null
    },
    "model": "scrpgtest.rel_advantage",
    "pk": 1
  },
  {
    "fields": {
      "advantage": 2,
      "character": 1,
      "modifiers": null,
      "rank": null
    },
    "model": "scrpgtest.rel_advantage",
    "pk": 2
  },
  {
    "fields": {
      "advantage": 3,
      "character": 2,
      "modifiers": null,
      "rank": null
    },
    "model": "scrpgtest.rel_advantage",
    "pk": 3
  },
  {
    "fields": {
      "advantage": 4,
      "character": 2,
      "modifiers": null,
      "rank": 1
    },
    "model": "scrpgtest.rel_advantage",
    "pk": 4
  },
  {
    "fields": {
      "advantage": 5,
      "character": 2,
      "modifiers": null,
      "rank": 1
    },
    "model": "scrpgtest.rel_advantage",
    "pk": 5
  },
  {
    "fields": {
      "advantage": 6,
      "character": 2,
      "modifiers": null,
      "rank": 2
    },
    "model": "scrpgtest.rel_advantage",
    "pk": 6
  },
  {
    "fields": {
      "advantage": 7,
      "character": 2,
      "modifiers": 3,
      "rank": null
    },
    "model": "scrpgtest.rel_advantage",
    "pk": 7
  },
  {
    "fields": {
      "advantage": 8,
      "character": 2,
      "modifiers": 4,
      "rank": null
    },
    "model": "scrpgtest.rel_advantage",
    "pk": 8
  },
  {
    "fields": {
      "advantage": 9,
      "character": 3,
      "modifiers": null,
      "rank": 1
    },
    "model": "scrpgtest.rel_advantage",
    "pk": 9
  },
  {
    "fields": {
      "advantage": 10,
      "character": 3,
      "modifiers": null,
      "rank": null
    },
    "model": "scrpgtest.rel_advantage",
    "pk": 10
  },
  {
    "fields": {
      "advantage": 11,
      "character": 3,
      "modifiers": null,
      "rank": 1
    },
    "model": "scrpgtest.rel_advantage",
    "pk": 11
  },
  {
    "fields": {
      "advantage": 12,
      "character": 3,
      "modifiers": null,
      "rank": null
    },
    "model": "scrpgtest.rel_advantage",
    "pk": 12
  },
  {
    "fields": {
      "advantage": 13,
      "character": 3,
      "modifiers": null,
      "rank": null
    },
    "model": "scrpgtest.rel_advantage",
    "pk": 13
  },
  {
    "fields": {
      "advantage": 4,
      "character": 3,
      "modifiers": null,
      "rank": 1
    },
    "model": "scrpgtest.rel_advantage",
    "pk": 14
  },
  {
    "fields": {
      "advantage": 14,
      "character": 3,
      "modifiers": null,
      "rank": null
    },
    "model": "scrpgtest.rel_advantage",
    "pk": 15
  },
  {
    "fields": {
      "advantage": 15,
      "character": 3,
      "modifiers": null,
      "rank": 2
    },
    "model": "scrpgtest.rel_advantage",
    "pk": 16
  },
  {
    "fields": {
      "advantage": 16,
      "character": 4,
      "modifiers": 5,
      "rank": 1
    },
    "model": "scrpgtest.rel_advantage",
    "pk": 17
  },
  {
    "fields": {
      "advantage": 17,
      "character": 4,
      "modifiers": null,
      "rank": null
    },
    "model": "scrpgtest.rel_advantage",
    "pk": 18
  },
  {
    "fields": {
      "advantage": 12,
      "character": 4,
      "modifiers": null,
      "rank": null
    },
    "model": "scrpgtest.rel_advantage",
    "pk": 19
  },
  {
    "fields": {
      "advantage": 12,
      "character": 4,
      "modifiers": null,
      "rank": null
    },
    "model": "scrpgtest.rel_advantage",
    "pk": 20
  },
  {
    "fields": {
      "advantage": 18,
      "character": 4,
      "modifiers": null,
      "rank": null
    },
    "model": "scrpgtest.rel_advantage",
    "pk": 21
  },
  {
    "fields": {
      "advantage": 19,
      "character": 4,
      "modifiers": null,
      "rank": 3
    },
    "model": "scrpgtest.rel_advantage",
    "pk": 22
  },
  {
    "fields": {
      "advantage": 20,
      "character": 4,
      "modifiers": null,
      "rank": null
    },
    "model": "scrpgtest.rel_advantage",
    "pk": 23
  },
  {
    "fields": {
      "advantage": 16,
      "character": 3,
      "modifiers": null,
      "rank": 1
    },
    "model": "scrpgtest.rel_advantage",
    "pk": 24
  },
  {
    "fields": {
      "advantage": 21,
      "character": 3,
      "modifiers": null,
      "rank": null
    },
    "model": "scrpgtest.rel_advantage",
    "pk": 25
  },
  {
    "fields": {
      "advantage": 22,
      "character": 3,
      "modifiers": null,
      "rank": null
    },
    "model": "scrpgtest.rel_advantage",
    "pk": 26
  },
  {
    "fields": {
      "advantage": 23,
      "character": 3,
      "modifiers": null,
      "rank": null
    },
    "model": "scrpgtest.rel_advantage",
    "pk": 27
  },
  {
    "fields": {
      "advantage": 24,
      "character": 3,
      "modifiers": null,
      "rank": null
    },
    "model": "scrpgtest.rel_advantage",
    "pk": 28
  },
  {
    "fields": {
      "advantage": 25,
      "character": 3,
      "modifiers": null,
      "rank": null
    },
    "model": "scrpgtest.rel_advantage",
    "pk": 29
  },
  {
    "fields": {
      "advantage": 3,
      "character": 3,
      "modifiers": 6,
      "rank": null
    },
    "model": "scrpgtest.rel_advantage",
    "pk": 30
  },
  {
    "fields": {
      "character": 1,
      "disadvantage": 1,
      "modifiers": 2,
      "rank": null
    },
    "model": "scrpgtest.rel_disadvantage",
    "pk": 1
  },
  {
    "fields": {
      "character": 3,
      "disadvantage": 2,
      "modifiers": null,
      "rank": null
    },
    "model": "scrpgtest.rel_disadvantage",
    "pk": 2
  },
  {
    "fields": {
      "character": 3,
      "disadvantage": 3,
      "modifiers": null,
      "rank": null
    },
    "model": "scrpgtest.rel_disadvantage",
    "pk": 3
  },
  {
    "fields": {
      "character": 3,
      "disadvantage": 4,
      "modifiers": null,
      "rank": null
    },
    "model": "scrpgtest.rel_disadvantage",
    "pk": 4
  },
  {
    "fields": {
      "character": 3,
      "disadvantage": 5,
      "modifiers": null,
      "rank": null
    },
    "model": "scrpgtest.rel_disadvantage",
    "pk": 5
  },
  {
    "fields": {
      "character": 3,
      "disadvantage": 6,
      "modifiers": null,
      "rank": null
    },
    "model": "scrpgtest.rel_disadvantage",
    "pk": 6
  },
  {
    "fields": {
      "character": 3,
      "disadvantage": 7,
      "modifiers": null,
      "rank": null
    },
    "model": "scrpgtest.rel_disadvantage",
    "pk": 7
  },
  {
    "fields": {
      "character": 4,
      "disadvantage": 8,
      "modifiers": null,
      "rank": null
    },
    "model": "scrpgtest.rel_disadvantage",
    "pk": 8
  },
  {
    "fields": {
      "character": 4,
      "disadvantage": 9,
      "modifiers": null,
      "rank": null
    },
    "model": "scrpgtest.rel_disadvantage",
    "pk": 9
  },
  {
    "fields": {
      "character": 4,
      "disadvantage": 10,
      "modifiers": null,
      "rank": null
    },
    "model": "scrpgtest.rel_disadvantage",
    "pk": 10
  },
  {
    "fields": {
      "character": 4,
      "disadvantage": 11,
      "modifiers": null,
      "rank": null
    },
    "model": "scrpgtest.rel_disadvantage",
    "pk": 11
  },
  {
    "fields": {
      "character": 4,
      "disadvantage": 5,
      "modifiers": null,
      "rank": null
    },
    "model": "scrpgtest.rel_disadvantage",
    "pk": 12
  },
  {
    "fields": {
      "character": 3,
      "disadvantage": 12,
      "modifiers": null,
      "rank": null
    },
    "model": "scrpgtest.rel_disadvantage",
    "pk": 13
  },
  {
    "fields": {
      "character": 3,
      "disadvantage": 13,
      "modifiers": null,
      "rank": null
    },
    "model": "scrpgtest.rel_disadvantage",
    "pk": 14
  },
  {
    "fields": {
      "character": 3,
      "disadvantage": 14,
      "modifiers": null,
      "rank": null
    },
    "model": "scrpgtest.rel_disadvantage",
    "pk": 15
  },
  {
    "fields": {
      "character": 3,
      "disadvantage": 15,
      "modifiers": null,
      "rank": null
    },
    "model": "scrpgtest.rel_disadvantage",
    "pk": 16
  },
  {
    "fields": {
      "character": 3,
      "disadvantage": 16,
      "modifiers": null,
      "rank": null
    },
    "model": "scrpgtest.rel_disadvantage",
    "pk": 17
  },
  {
    "fields": {
      "character": 3,
      "disadvantage": 17,
      "modifiers": null,
      "rank": null
    },
    "model": "scrpgtest.rel_disadvantage",
    "pk": 18
  },
  {
    "fields": {
      "character": 3,
      "disadvantage": 18,
      "modifiers": null,
      "rank": null
    },
    "model": "scrpgtest.rel_disadvantage",
    "pk": 19
  },
  {
    "fields": {
      "character": 2,
      "disadvantage": 19,
      "modifiers": null,
      "rank": null
    },
    "model": "scrpgtest.rel_disadvantage",
    "pk": 20
  },
  {
    "fields": {
      "character": 2,
      "disadvantage": 20,
      "modifiers": null,
      "rank": null
    },
    "model": "scrpgtest.rel_disadvantage",
    "pk": 21
  },
  {
    "fields": {
      "character": 2,
      "disadvantage": 21,
      "modifiers": null,
      "rank": null
    },
    "model": "scrpgtest.rel_disadvantage",
    "pk": 22
  },
  {
    "fields": {
      "character": 2,
      "disadvantage": 16,
      "modifiers": null,
      "rank": null
    },
    "model": "scrpgtest.rel_disadvantage",
    "pk": 23
  },
  {
    "fields": {
      "character": 2,
      "disadvantage": 22,
      "modifiers": null,
      "rank": null
    },
    "model": "scrpgtest.rel_disadvantage",
    "pk": 24
  },
  {
    "fields": {
      "character": 1,
      "rank": 1,
      "skill": 1
    },
    "model": "scrpgtest.rel_skill",
    "pk": 1
  },
  {
    "fields": {
      "character": 2,
      "rank": 4,
      "skill": 2
    },
    "model": "scrpgtest.rel_skill",
    "pk": 2
  },
  {
    "fields": {
      "character": 2,
      "rank": 4,
      "skill": 3
    },
    "model": "scrpgtest.rel_skill",
    "pk": 3
  },
  {
    "fields": {
      "character": 2,
      "rank": 4,
      "skill": 4
    },
    "model": "scrpgtest.rel_skill",
    "pk": 4
  },
  {
    "fields": {
      "character": 2,
      "rank": 4,
      "skill": 5
    },
    "model": "scrpgtest.rel_skill",
    "pk": 5
  },
  {
    "fields": {
      "character": 2,
      "rank": 3,
      "skill": 6
    },
    "model": "scrpgtest.rel_skill",
    "pk": 6
  },
  {
    "fields": {
      "character": 2,
      "rank": 4,
      "skill": 7
    },
    "model": "scrpgtest.rel_skill",
    "pk": 7
  },
  {
    "fields": {
      "character": 2,
      "rank": 2,
      "skill": 8
    },
    "model": "scrpgtest.rel_skill",
    "pk": 8
  },
  {
    "fields": {
      "character": 2,
      "rank": 3,
      "skill": 9
    },
    "model": "scrpgtest.rel_skill",
    "pk": 9
  },
  {
    "fields": {
      "character": 2,
      "rank": 3,
      "skill": 10
    },
    "model": "scrpgtest.rel_skill",
    "pk": 10
  },
  {
    "fields": {
      "character": 2,
      "rank": 3,
      "skill": 11
    },
    "model": "scrpgtest.rel_skill",
    "pk": 11
  },
  {
    "fields": {
      "character": 2,
      "rank": 2,
      "skill": 12
    },
    "model": "scrpgtest.rel_skill",
    "pk": 12
  },
  {
    "fields": {
      "character": 3,
      "rank": 3,
      "skill": 8
    },
    "model": "scrpgtest.rel_skill",
    "pk": 13
  },
  {
    "fields": {
      "character": 3,
      "rank": 2,
      "skill": 13
    },
    "model": "scrpgtest.rel_skill",
    "pk": 14
  },
  {
    "fields": {
      "character": 3,
      "rank": 1,
      "skill": 14
    },
    "model": "scrpgtest.rel_skill",
    "pk": 15
  },
  {
    "fields": {
      "character": 3,
      "rank": 1,
      "skill": 15
    },
    "model": "scrpgtest.rel_skill",
    "pk": 16
  },
  {
    "fields": {
      "character": 3,
      "rank": 2,
      "skill": 16
    },
    "model": "scrpgtest.rel_skill",
    "pk": 17
  },
  {
    "fields": {
      "character": 3,
      "rank": 2,
      "skill": 17
    },
    "model": "scrpgtest.rel_skill",
    "pk": 18
  },
  {
    "fields": {
      "character": 3,
      "rank": 3,
      "skill": 18
    },
    "model": "scrpgtest.rel_skill",
    "pk": 19
  },
  {
    "fields": {
      "character": 3,
      "rank": 2,
      "skill": 3
    },
    "model": "scrpgtest.rel_skill",
    "pk": 20
  },
  {
    "fields": {
      "character": 3,
      "rank": 2,
      "skill": 19
    },
    "model": "scrpgtest.rel_skill",
    "pk": 21
  },
  {
    "fields": {
      "character": 3,
      "rank": 1,
      "skill": 20
    },
    "model": "scrpgtest.rel_skill",
    "pk": 22
  },
  {
    "fields": {
      "character": 3,
      "rank": 2,
      "skill": 1
    },
    "model": "scrpgtest.rel_skill",
    "pk": 23
  },
  {
    "fields": {
      "character": 3,
      "rank": 3,
      "skill": 21
    },
    "model": "scrpgtest.rel_skill",
    "pk": 24
  },
  {
    "fields": {
      "character": 3,
      "rank": 1,
      "skill": 22
    },
    "model": "scrpgtest.rel_skill",
    "pk": 25
  },
  {
    "fields": {
      "character": 3,
      "rank": 1,
      "skill": 2
    },
    "model": "scrpgtest.rel_skill",
    "pk": 26
  },
  {
    "fields": {
      "character": 4,
      "rank": 2,
      "skill": 8
    },
    "model": "scrpgtest.rel_skill",
    "pk": 27
  },
  {
    "fields": {
      "character": 4,
      "rank": 2,
      "skill": 23
    },
    "model": "scrpgtest.rel_skill",
    "pk": 28
  },
  {
    "fields": {
      "character": 4,
      "rank": 2,
      "skill": 24
    },
    "model": "scrpgtest.rel_skill",
    "pk": 29
  },
  {
    "fields": {
      "character": 4,
      "rank": 2,
      "skill": 25
    },
    "model": "scrpgtest.rel_skill",
    "pk": 30
  },
  {
    "fields": {
      "character": 4,
      "rank": 3,
      "skill": 26
    },
    "model": "scrpgtest.rel_skill",
    "pk": 31
  },
  {
    "fields": {
      "character": 4,
      "rank": 2,
      "skill": 27
    },
    "model": "scrpgtest.rel_skill",
    "pk": 32
  },
  {
    "fields": {
      "character": 4,
      "rank": 3,
      "skill": 1
    },
    "model": "scrpgtest.rel_skill",
    "pk": 33
  },
  {
    "fields": {
      "character": 4,
      "rank": 3,
      "skill": 28
    },
    "model": "scrpgtest.rel_skill",
    "pk": 34
  },
  {
    "fields": {
      "character": 4,
      "rank": 2,
      "skill": 29
    },
    "model": "scrpgtest.rel_skill",
    "pk": 35
  },
  {
    "fields": {
      "character": 4,
      "rank": 2,
      "skill": 2
    },
    "model": "scrpgtest.rel_skill",
    "pk": 36
  },
  {
    "fields": {
      "character": 4,
      "rank": 2,
      "skill": 30
    },
    "model": "scrpgtest.rel_skill",
    "pk": 37
  },
  {
    "fields": {
      "character": 4,
      "rank": 1,
      "skill": 31
    },
    "model": "scrpgtest.rel_skill",
    "pk": 38
  },
  {
    "fields": {
      "character": 4,
      "rank": 1,
      "skill": 3
    },
    "model": "scrpgtest.rel_skill",
    "pk": 39
  },
  {
    "fields": {
      "character": 4,
      "rank": 1,
      "skill": 32
    },
    "model": "scrpgtest.rel_skill",
    "pk": 40
  },
  {
    "fields": {
      "character": 4,
      "rank": 3,
      "skill": 33
    },
    "model": "scrpgtest.rel_skill",
    "pk": 41
  },
  {
    "fields": {
      "character": 4,
      "rank": 2,
      "skill": 34
    },
    "model": "scrpgtest.rel_skill",
    "pk": 42
  },
  {
    "fields": {
      "ammount": 1,
      "character": 2,
      "possession": 1
    },
    "model": "scrpgtest.rel_possession",
    "pk": 1
  },
  {
    "fields": {
      "ammount": 1,
      "character": 2,
      "possession": 2
    },
    "model": "scrpgtest.rel_possession",
    "pk": 2
  },
  {
    "fields": {
      "ammount": 1,
      "character": 3,
      "possession": 3
    },
    "model": "scrpgtest.rel_possession",
    "pk": 3
  },
  {
    "fields": {
      "ammount": 1,
      "character": 2,
      "possession": 3
    },
    "model": "scrpgtest.rel_possession",
    "pk": 4
  },
  {
    "fields": {
      "character": 1,
      "language": 1,
      "spoken": 3,
      "written": 3
    },
    "model": "scrpgtest.rel_language",
    "pk": 1
  },
  {
    "fields": {
      "character": 1,
      "language": 2,
      "spoken": 2,
      "written": 3
    },
    "model": "scrpgtest.rel_language",
    "pk": 2
  },
  {
    "fields": {
      "character": 2,
      "language": 2,
      "spoken": 3,
      "written": 3
    },
    "model": "scrpgtest.rel_language",
    "pk": 3
  },
  {
    "fields": {
      "character": 3,
      "language": 1,
      "spoken": 3,
      "written": 3
    },
    "model": "scrpgtest.rel_language",
    "pk": 4
  },
  {
    "fields": {
      "character": 3,
      "language": 2,
      "spoken": 2,
      "written": 2
    },
    "model": "scrpgtest.rel_language",
    "pk": 5
  },
  {
    "fields": {
      "character": 4,
      "language": 2,
      "spoken": 3,
      "written": 3
    },
    "model": "scrpgtest.rel_language",
    "pk": 6
  },
  {
    "fields": {
      "character": 4,
      "language": 1,
      "spoken": 2,
      "written": 2
    },
    "model": "scrpgtest.rel_language",
    "pk": 7
  },
  {
    "fields": {
      "bio": "",
      "birth_date": null,
      "location": "",
      "user": 1
    },
    "model": "unswcode.profile",
    "pk": 1
  },
  {
    "fields": {
      "assignment": "CODE1240 AS1",
      "date": "2018-09-30T09:19:30.906Z",
      "link": "asd",
      "mark": "{\"1\": {\"val\": \"50\", \"weight\": \"0.3\"}, \"2\": {\"val\": \"50\", \"weight\": \"0.1\"}, \"3\": {\"val\": \"50\", \"weight\": \"0.3\"}, \"4\": {\"val\": \"50\", \"weight\": \"0.2\"}, \"5\": {\"val\": \"50\", \"weight\": \"0.1\"}, \"comment\": {\"val\": \"\"}, \"total\": 50.0}",
      "user": 1
    },
    "model": "unswcode.submission",
    "pk": 1
  },
  {
    "fields": {
      "assignment": "CODE1240 AS2",
      "date": "2018-10-05T11:23:58.599Z",
      "link": "asd",
      "mark": "{\"2\": {\"val\": \"100\", \"weight\": \"0.17\"}, \"3\": {\"val\": \"100\", \"weight\": \"0.15\"}, \"4\": {\"val\": \"100\", \"weight\": \"0.17\"}, \"5\": {\"val\": \"100\", \"weight\": \"0.17\"}, \"6\": {\"val\": \"100\", \"weight\": \"0.17\"}, \"7\": {\"val\": \"100\", \"weight\": \"0.17\"}, \"comment\": {\"val\": \"A comment\"}, \"total\": 100.0}",
      "user": 1
    },
    "model": "unswcode.submission",
    "pk": 2
  },
  {
    "fields": {
      "action_flag": 1,
      "action_time": "2018-09-15T07:23:08.857Z",
      "change_message": "[{\"added\": {}}]",
      "content_type": 21,
      "object_id": "1",
      "object_repr": "Red Hot Mob",
      "user": 1
    },
    "model": "admin.logentry",
    "pk": 1
  },
  {
    "fields": {
      "action_flag": 1,
      "action_time": "2018-09-15T07:23:15.852Z",
      "change_message": "[{\"added\": {}}]",
      "content_type": 23,
      "object_id": "1",
      "object_repr": "NPC",
      "user": 1
    },
    "model": "admin.logentry",
    "pk": 2
  },
  {
    "fields": {
      "action_flag": 1,
      "action_time": "2018-09-15T07:23:25.964Z",
      "change_message": "[{\"added\": {}}]",
      "content_type": 26,
      "object_id": "1",
      "object_repr": "Hu",
      "user": 1
    },
    "model": "admin.logentry",
    "pk": 3
  },
  {
    "fields": {
      "action_flag": 2,
      "action_time": "2018-09-15T07:23:30.675Z",
      "change_message": "[{\"changed\": {\"fields\": [\"race\"]}}]",
      "content_type": 26,
      "object_id": "1",
      "object_repr": "Human",
      "user": 1
    },
    "model": "admin.logentry",
    "pk": 4
  },
  {
    "fields": {
      "action_flag": 1,
      "action_time": "2018-09-15T07:23:39.755Z",
      "change_message": "[{\"added\": {}}]",
      "content_type": 29,
      "object_id": "1",
      "object_repr": "Alive",
      "user": 1
    },
    "model": "admin.logentry",
    "pk": 5
  },
  {
    "fields": {
      "action_flag": 1,
      "action_time": "2018-09-15T07:23:53.864Z",
      "change_message": "[{\"added\": {}}]",
      "content_type": 22,
      "object_id": "1",
      "object_repr": "Monsieur Petit-pois",
      "user": 1
    },
    "model": "admin.logentry",
    "pk": 6
  },
  {
    "fields": {
      "action_flag": 2,
      "action_time": "2018-09-15T07:27:52.526Z",
      "change_message": "[]",
      "content_type": 22,
      "object_id": "1",
      "object_repr": "Monsieur Petit-pois",
      "user": 1
    },
    "model": "admin.logentry",
    "pk": 7
  },
  {
    "fields": {
      "action_flag": 1,
      "action_time": "2018-09-15T14:20:23.217Z",
      "change_message": "[{\"added\": {}}]",
      "content_type": 20,
      "object_id": "1",
      "object_repr": "Fit",
      "user": 1
    },
    "model": "admin.logentry",
    "pk": 8
  },
  {
    "fields": {
      "action_flag": 2,
      "action_time": "2018-09-15T14:20:26.463Z",
      "change_message": "[{\"added\": {\"name\": \"rel_advantage\", \"object\": \"None\"}}]",
      "content_type": 22,
      "object_id": "1",
      "object_repr": "Monsieur Petit-pois",
      "user": 1
    },
    "model": "admin.logentry",
    "pk": 9
  },
  {
    "fields": {
      "action_flag": 1,
      "action_time": "2018-09-15T14:23:59.774Z",
      "change_message": "[{\"added\": {}}, {\"added\": {\"name\": \"modifier\", \"object\": \"Test\"}}]",
      "content_type": 25,
      "object_id": "1",
      "object_repr": "Test",
      "user": 1
    },
    "model": "admin.logentry",
    "pk": 10
  },
  {
    "fields": {
      "action_flag": 2,
      "action_time": "2018-09-15T14:24:03.842Z",
      "change_message": "[{\"changed\": {\"name\": \"rel_advantage\", \"object\": \"None\", \"fields\": [\"modifiers\"]}}]",
      "content_type": 22,
      "object_id": "1",
      "object_repr": "Monsieur Petit-pois",
      "user": 1
    },
    "model": "admin.logentry",
    "pk": 11
  },
  {
    "fields": {
      "action_flag": 2,
      "action_time": "2018-09-15T15:22:26.159Z",
      "change_message": "[{\"added\": {\"name\": \"modifier\", \"object\": \"Second\"}}]",
      "content_type": 25,
      "object_id": "1",
      "object_repr": "Test; Second",
      "user": 1
    },
    "model": "admin.logentry",
    "pk": 12
  },
  {
    "fields": {
      "action_flag": 2,
      "action_time": "2018-09-15T15:22:29.418Z",
      "change_message": "[]",
      "content_type": 22,
      "object_id": "1",
      "object_repr": "Monsieur Petit-pois",
      "user": 1
    },
    "model": "admin.logentry",
    "pk": 13
  },
  {
    "fields": {
      "action_flag": 1,
      "action_time": "2018-09-15T16:01:08.311Z",
      "change_message": "[{\"added\": {}}]",
      "content_type": 30,
      "object_id": "1",
      "object_repr": "Stubbourn",
      "user": 1
    },
    "model": "admin.logentry",
    "pk": 14
  },
  {
    "fields": {
      "action_flag": 2,
      "action_time": "2018-09-15T16:01:11.919Z",
      "change_message": "[{\"added\": {\"name\": \"rel_disadvantage\", \"object\": \"rel_disadvantage object (1)\"}}]",
      "content_type": 22,
      "object_id": "1",
      "object_repr": "Monsieur Petit-pois",
      "user": 1
    },
    "model": "admin.logentry",
    "pk": 15
  },
  {
    "fields": {
      "action_flag": 2,
      "action_time": "2018-09-15T16:41:41.638Z",
      "change_message": "[{\"changed\": {\"fields\": [\"iq\"]}}]",
      "content_type": 22,
      "object_id": "1",
      "object_repr": "Monsieur Petit-pois",
      "user": 1
    },
    "model": "admin.logentry",
    "pk": 16
  },
  {
    "fields": {
      "action_flag": 2,
      "action_time": "2018-09-15T16:43:30.148Z",
      "change_message": "[{\"changed\": {\"fields\": [\"will\", \"per\"]}}]",
      "content_type": 22,
      "object_id": "1",
      "object_repr": "Monsieur Petit-pois",
      "user": 1
    },
    "model": "admin.logentry",
    "pk": 17
  },
  {
    "fields": {
      "action_flag": 1,
      "action_time": "2018-09-17T12:11:36.187Z",
      "change_message": "[{\"added\": {}}]",
      "content_type": 33,
      "object_id": "1",
      "object_repr": "Knife",
      "user": 1
    },
    "model": "admin.logentry",
    "pk": 18
  },
  {
    "fields": {
      "action_flag": 2,
      "action_time": "2018-09-17T12:11:40.993Z",
      "change_message": "[{\"added\": {\"name\": \"rel_skill\", \"object\": \"rel_skill object (1)\"}}]",
      "content_type": 22,
      "object_id": "1",
      "object_repr": "Monsieur Petit-pois",
      "user": 1
    },
    "model": "admin.logentry",
    "pk": 19
  },
  {
    "fields": {
      "action_flag": 2,
      "action_time": "2018-09-17T12:11:55.402Z",
      "change_message": "[{\"changed\": {\"name\": \"rel_skill\", \"object\": \"rel_skill object (1)\", \"fields\": [\"rank\"]}}]",
      "content_type": 22,
      "object_id": "1",
      "object_repr": "Monsieur Petit-pois",
      "user": 1
    },
    "model": "admin.logentry",
    "pk": 20
  },
  {
    "fields": {
      "action_flag": 1,
      "action_time": "2018-09-17T12:48:30.981Z",
      "change_message": "[{\"added\": {}}]",
      "content_type": 34,
      "object_id": "1",
      "object_repr": "French",
      "user": 1
    },
    "model": "admin.logentry",
    "pk": 21
  },
  {
    "fields": {
      "action_flag": 1,
      "action_time": "2018-09-17T12:48:45.303Z",
      "change_message": "[{\"added\": {}}]",
      "content_type": 34,
      "object_id": "2",
      "object_repr": "English",
      "user": 1
    },
    "model": "admin.logentry",
    "pk": 22
  },
  {
    "fields": {
      "action_flag": 2,
      "action_time": "2018-09-17T12:48:57.420Z",
      "change_message": "[{\"added\": {\"name\": \"rel_language\", \"object\": \"rel_language object (1)\"}}, {\"added\": {\"name\": \"rel_language\", \"object\": \"rel_language object (2)\"}}]",
      "content_type": 22,
      "object_id": "1",
      "object_repr": "Monsieur Petit-pois",
      "user": 1
    },
    "model": "admin.logentry",
    "pk": 23
  },
  {
    "fields": {
      "action_flag": 1,
      "action_time": "2018-09-30T09:17:47.674Z",
      "change_message": "[{\"added\": {}}]",
      "content_type": 16,
      "object_id": "1",
      "object_repr": "UNSW_TEACHER",
      "user": 1
    },
    "model": "admin.logentry",
    "pk": 24
  },
  {
    "fields": {
      "action_flag": 2,
      "action_time": "2018-09-30T09:17:59.698Z",
      "change_message": "[{\"changed\": {\"fields\": [\"groups\"]}}]",
      "content_type": 17,
      "object_id": "1",
      "object_repr": "sephbin",
      "user": 1
    },
    "model": "admin.logentry",
    "pk": 25
  },
  {
    "fields": {
      "action_flag": 2,
      "action_time": "2018-09-30T09:19:53.419Z",
      "change_message": "[{\"changed\": {\"fields\": [\"mark\"]}}]",
      "content_type": 37,
      "object_id": "1",
      "object_repr": "submission object (1)",
      "user": 1
    },
    "model": "admin.logentry",
    "pk": 26
  },
  {
    "fields": {
      "action_flag": 2,
      "action_time": "2018-09-30T09:20:41.235Z",
      "change_message": "[{\"changed\": {\"fields\": [\"first_name\", \"last_name\"]}}]",
      "content_type": 17,
      "object_id": "1",
      "object_repr": "sephbin",
      "user": 1
    },
    "model": "admin.logentry",
    "pk": 27
  },
  {
    "fields": {
      "action_flag": 2,
      "action_time": "2018-10-05T11:56:11.013Z",
      "change_message": "[{\"changed\": {\"fields\": [\"mark\"]}}]",
      "content_type": 37,
      "object_id": "2",
      "object_repr": "submission object (2)",
      "user": 1
    },
    "model": "admin.logentry",
    "pk": 28
  },
  {
    "fields": {
      "action_flag": 1,
      "action_time": "2018-10-07T10:42:25.339Z",
      "change_message": "[{\"added\": {}}]",
      "content_type": 20,
      "object_id": "2",
      "object_repr": "No Sleep",
      "user": 1
    },
    "model": "admin.logentry",
    "pk": 29
  },
  {
    "fields": {
      "action_flag": 2,
      "action_time": "2018-10-07T10:42:53.703Z",
      "change_message": "[{\"added\": {\"name\": \"rel_advantage\", \"object\": \"None\"}}]",
      "content_type": 22,
      "object_id": "1",
      "object_repr": "Monsieur Petit-pois",
      "user": 1
    },
    "model": "admin.logentry",
    "pk": 30
  },
  {
    "fields": {
      "action_flag": 1,
      "action_time": "2018-10-07T11:37:34.077Z",
      "change_message": "[{\"added\": {}}, {\"added\": {\"name\": \"modifier\", \"object\": \"Mod 2\"}}]",
      "content_type": 25,
      "object_id": "2",
      "object_repr": "Mod 2",
      "user": 1
    },
    "model": "admin.logentry",
    "pk": 31
  },
  {
    "fields": {
      "action_flag": 2,
      "action_time": "2018-10-07T11:37:41.227Z",
      "change_message": "[{\"changed\": {\"name\": \"rel_disadvantage\", \"object\": \"None\", \"fields\": [\"modifiers\"]}}]",
      "content_type": 22,
      "object_id": "1",
      "object_repr": "Monsieur Petit-pois",
      "user": 1
    },
    "model": "admin.logentry",
    "pk": 32
  },
  {
    "fields": {
      "action_flag": 1,
      "action_time": "2018-10-10T13:24:39.964Z",
      "change_message": "[{\"added\": {}}]",
      "content_type": 23,
      "object_id": "2",
      "object_repr": "PC",
      "user": 1
    },
    "model": "admin.logentry",
    "pk": 33
  },
  {
    "fields": {
      "action_flag": 1,
      "action_time": "2018-10-10T13:27:14.640Z",
      "change_message": "[{\"added\": {}}]",
      "content_type": 20,
      "object_id": "3",
      "object_repr": "Luck",
      "user": 1
    },
    "model": "admin.logentry",
    "pk": 34
  },
  {
    "fields": {
      "action_flag": 1,
      "action_time": "2018-10-10T13:28:44.952Z",
      "change_message": "[{\"added\": {}}]",
      "content_type": 20,
      "object_id": "4",
      "object_repr": "Musical Ability",
      "user": 1
    },
    "model": "admin.logentry",
    "pk": 35
  },
  {
    "fields": {
      "action_flag": 1,
      "action_time": "2018-10-10T13:29:27.020Z",
      "change_message": "[{\"added\": {}}]",
      "content_type": 20,
      "object_id": "5",
      "object_repr": "Smooth Operator",
      "user": 1
    },
    "model": "admin.logentry",
    "pk": 36
  },
  {
    "fields": {
      "action_flag": 1,
      "action_time": "2018-10-10T13:31:52.992Z",
      "change_message": "[{\"added\": {}}]",
      "content_type": 20,
      "object_id": "6",
      "object_repr": "Status",
      "user": 1
    },
    "model": "admin.logentry",
    "pk": 37
  },
  {
    "fields": {
      "action_flag": 1,
      "action_time": "2018-10-10T13:32:43.567Z",
      "change_message": "[{\"added\": {}}]",
      "content_type": 20,
      "object_id": "7",
      "object_repr": "Super Luck",
      "user": 1
    },
    "model": "admin.logentry",
    "pk": 38
  },
  {
    "fields": {
      "action_flag": 1,
      "action_time": "2018-10-10T13:33:34.076Z",
      "change_message": "[{\"added\": {}}, {\"added\": {\"name\": \"modifier\", \"object\": \"PM Super\"}}, {\"added\": {\"name\": \"modifier\", \"object\": \"Requires IQ Roll\"}}]",
      "content_type": 25,
      "object_id": "3",
      "object_repr": "PM Super; Requires IQ Roll",
      "user": 1
    },
    "model": "admin.logentry",
    "pk": 39
  },
  {
    "fields": {
      "action_flag": 1,
      "action_time": "2018-10-10T13:34:05.940Z",
      "change_message": "[{\"added\": {}}]",
      "content_type": 20,
      "object_id": "8",
      "object_repr": "Visualization",
      "user": 1
    },
    "model": "admin.logentry",
    "pk": 40
  },
  {
    "fields": {
      "action_flag": 1,
      "action_time": "2018-10-10T13:34:28.226Z",
      "change_message": "[{\"added\": {}}, {\"added\": {\"name\": \"modifier\", \"object\": \"PM Super\"}}]",
      "content_type": 25,
      "object_id": "4",
      "object_repr": "PM Super",
      "user": 1
    },
    "model": "admin.logentry",
    "pk": 41
  },
  {
    "fields": {
      "action_flag": 1,
      "action_time": "2018-10-10T13:34:43.823Z",
      "change_message": "[{\"added\": {}}, {\"added\": {\"name\": \"rel_advantage\", \"object\": \"None\"}}, {\"added\": {\"name\": \"rel_advantage\", \"object\": \"1\"}}, {\"added\": {\"name\": \"rel_advantage\", \"object\": \"1\"}}, {\"added\": {\"name\": \"rel_advantage\", \"object\": \"2\"}}, {\"added\": {\"name\": \"rel_advantage\", \"object\": \"None\"}}, {\"added\": {\"name\": \"rel_advantage\", \"object\": \"None\"}}]",
      "content_type": 22,
      "object_id": "2",
      "object_repr": "Esther Fayette",
      "user": 1
    },
    "model": "admin.logentry",
    "pk": 42
  },
  {
    "fields": {
      "action_flag": 2,
      "action_time": "2018-10-10T13:38:24.561Z",
      "change_message": "[{\"added\": {\"name\": \"rel_language\", \"object\": \"rel_language object (3)\"}}]",
      "content_type": 22,
      "object_id": "2",
      "object_repr": "Esther Fayette",
      "user": 1
    },
    "model": "admin.logentry",
    "pk": 43
  },
  {
    "fields": {
      "action_flag": 1,
      "action_time": "2018-10-10T13:43:47.816Z",
      "change_message": "[{\"added\": {}}]",
      "content_type": 33,
      "object_id": "2",
      "object_repr": "Streetwise",
      "user": 1
    },
    "model": "admin.logentry",
    "pk": 44
  },
  {
    "fields": {
      "action_flag": 1,
      "action_time": "2018-10-10T13:44:13.977Z",
      "change_message": "[{\"added\": {}}]",
      "content_type": 33,
      "object_id": "3",
      "object_repr": "Fast-Talk",
      "user": 1
    },
    "model": "admin.logentry",
    "pk": 45
  },
  {
    "fields": {
      "action_flag": 2,
      "action_time": "2018-10-10T13:44:21.630Z",
      "change_message": "[{\"added\": {\"name\": \"rel_skill\", \"object\": \"rel_skill object (2)\"}}, {\"added\": {\"name\": \"rel_skill\", \"object\": \"rel_skill object (3)\"}}]",
      "content_type": 22,
      "object_id": "2",
      "object_repr": "Esther Fayette",
      "user": 1
    },
    "model": "admin.logentry",
    "pk": 46
  },
  {
    "fields": {
      "action_flag": 1,
      "action_time": "2018-10-10T13:45:38.211Z",
      "change_message": "[{\"added\": {}}]",
      "content_type": 33,
      "object_id": "4",
      "object_repr": "Holdout",
      "user": 1
    },
    "model": "admin.logentry",
    "pk": 47
  },
  {
    "fields": {
      "action_flag": 1,
      "action_time": "2018-10-10T13:46:02.274Z",
      "change_message": "[{\"added\": {}}]",
      "content_type": 33,
      "object_id": "5",
      "object_repr": "Merchant",
      "user": 1
    },
    "model": "admin.logentry",
    "pk": 48
  },
  {
    "fields": {
      "action_flag": 1,
      "action_time": "2018-10-10T13:47:06.340Z",
      "change_message": "[{\"added\": {}}]",
      "content_type": 33,
      "object_id": "6",
      "object_repr": "Disguise",
      "user": 1
    },
    "model": "admin.logentry",
    "pk": 49
  },
  {
    "fields": {
      "action_flag": 1,
      "action_time": "2018-10-10T13:47:33.925Z",
      "change_message": "[{\"added\": {}}]",
      "content_type": 33,
      "object_id": "7",
      "object_repr": "Smuggling",
      "user": 1
    },
    "model": "admin.logentry",
    "pk": 50
  },
  {
    "fields": {
      "action_flag": 1,
      "action_time": "2018-10-10T13:48:20.425Z",
      "change_message": "[{\"added\": {}}]",
      "content_type": 33,
      "object_id": "8",
      "object_repr": "Area Knowledge (Home Turf)",
      "user": 1
    },
    "model": "admin.logentry",
    "pk": 51
  },
  {
    "fields": {
      "action_flag": 1,
      "action_time": "2018-10-10T13:48:57.493Z",
      "change_message": "[{\"added\": {}}]",
      "content_type": 33,
      "object_id": "9",
      "object_repr": "Guns (Pistol)",
      "user": 1
    },
    "model": "admin.logentry",
    "pk": 52
  },
  {
    "fields": {
      "action_flag": 1,
      "action_time": "2018-10-10T13:49:28.370Z",
      "change_message": "[{\"added\": {}}]",
      "content_type": 33,
      "object_id": "10",
      "object_repr": "Fast-Draw (Pistol)",
      "user": 1
    },
    "model": "admin.logentry",
    "pk": 53
  },
  {
    "fields": {
      "action_flag": 1,
      "action_time": "2018-10-10T13:50:11.364Z",
      "change_message": "[{\"added\": {}}]",
      "content_type": 33,
      "object_id": "11",
      "object_repr": "Driving",
      "user": 1
    },
    "model": "admin.logentry",
    "pk": 54
  },
  {
    "fields": {
      "action_flag": 1,
      "action_time": "2018-10-10T13:50:52.416Z",
      "change_message": "[{\"added\": {}}]",
      "content_type": 33,
      "object_id": "12",
      "object_repr": "Savoir-Faire",
      "user": 1
    },
    "model": "admin.logentry",
    "pk": 55
  },
  {
    "fields": {
      "action_flag": 2,
      "action_time": "2018-10-10T13:51:04.340Z",
      "change_message": "[{\"added\": {\"name\": \"rel_skill\", \"object\": \"rel_skill object (4)\"}}, {\"added\": {\"name\": \"rel_skill\", \"object\": \"rel_skill object (5)\"}}, {\"added\": {\"name\": \"rel_skill\", \"object\": \"rel_skill object (6)\"}}, {\"added\": {\"name\": \"rel_skill\", \"object\": \"rel_skill object (7)\"}}, {\"added\": {\"name\": \"rel_skill\", \"object\": \"rel_skill object (8)\"}}, {\"added\": {\"name\": \"rel_skill\", \"object\": \"rel_skill object (9)\"}}, {\"added\": {\"name\": \"rel_skill\", \"object\": \"rel_skill object (10)\"}}, {\"added\": {\"name\": \"rel_skill\", \"object\": \"rel_skill object (11)\"}}, {\"added\": {\"name\": \"rel_skill\", \"object\": \"rel_skill object (12)\"}}]",
      "content_type": 22,
      "object_id": "2",
      "object_repr": "Esther Fayette",
      "user": 1
    },
    "model": "admin.logentry",
    "pk": 56
  },
  {
    "fields": {
      "action_flag": 1,
      "action_time": "2018-10-14T04:35:45.659Z",
      "change_message": "[{\"added\": {}}]",
      "content_type": 43,
      "object_id": "1",
      "object_repr": "Large Knife",
      "user": 1
    },
    "model": "admin.logentry",
    "pk": 57
  },
  {
    "fields": {
      "action_flag": 2,
      "action_time": "2018-10-14T04:38:24.743Z",
      "change_message": "[{\"added\": {\"name\": \"rel_possession\", \"object\": \"1x Large Knife\"}}]",
      "content_type": 22,
      "object_id": "2",
      "object_repr": "Esther Fayette",
      "user": 1
    },
    "model": "admin.logentry",
    "pk": 58
  },
  {
    "fields": {
      "action_flag": 2,
      "action_time": "2018-10-14T04:41:42.727Z",
      "change_message": "[{\"changed\": {\"name\": \"rel_possession\", \"object\": \"2x Large Knife\", \"fields\": [\"ammount\"]}}]",
      "content_type": 22,
      "object_id": "2",
      "object_repr": "Esther Fayette",
      "user": 1
    },
    "model": "admin.logentry",
    "pk": 59
  },
  {
    "fields": {
      "action_flag": 1,
      "action_time": "2018-10-14T04:53:51.937Z",
      "change_message": "[{\"added\": {}}]",
      "content_type": 43,
      "object_id": "2",
      "object_repr": "S&W .22 LadySmith",
      "user": 1
    },
    "model": "admin.logentry",
    "pk": 60
  },
  {
    "fields": {
      "action_flag": 2,
      "action_time": "2018-10-14T04:55:07.558Z",
      "change_message": "[{\"added\": {\"name\": \"rel_possession\", \"object\": \"1x S&W .22 LadySmith\"}}, {\"changed\": {\"name\": \"rel_possession\", \"object\": \"1x Large Knife\", \"fields\": [\"ammount\"]}}]",
      "content_type": 22,
      "object_id": "2",
      "object_repr": "Esther Fayette",
      "user": 1
    },
    "model": "admin.logentry",
    "pk": 61
  },
  {
    "fields": {
      "action_flag": 2,
      "action_time": "2018-10-14T05:13:34.677Z",
      "change_message": "[{\"changed\": {\"fields\": [\"rangeStatsText\"]}}]",
      "content_type": 43,
      "object_id": "1",
      "object_repr": "Large Knife",
      "user": 1
    },
    "model": "admin.logentry",
    "pk": 62
  },
  {
    "fields": {
      "action_flag": 2,
      "action_time": "2018-10-14T05:13:36.784Z",
      "change_message": "[]",
      "content_type": 22,
      "object_id": "2",
      "object_repr": "Esther Fayette",
      "user": 1
    },
    "model": "admin.logentry",
    "pk": 63
  },
  {
    "fields": {
      "action_flag": 2,
      "action_time": "2018-10-14T05:16:55.285Z",
      "change_message": "[]",
      "content_type": 43,
      "object_id": "2",
      "object_repr": "S&W .22 LadySmith",
      "user": 1
    },
    "model": "admin.logentry",
    "pk": 64
  },
  {
    "fields": {
      "action_flag": 2,
      "action_time": "2018-10-14T05:16:57.228Z",
      "change_message": "[]",
      "content_type": 22,
      "object_id": "2",
      "object_repr": "Esther Fayette",
      "user": 1
    },
    "model": "admin.logentry",
    "pk": 65
  },
  {
    "fields": {
      "action_flag": 2,
      "action_time": "2018-10-14T05:34:21.737Z",
      "change_message": "[]",
      "content_type": 43,
      "object_id": "1",
      "object_repr": "Large Knife",
      "user": 1
    },
    "model": "admin.logentry",
    "pk": 66
  },
  {
    "fields": {
      "action_flag": 1,
      "action_time": "2018-11-11T09:09:11.363Z",
      "change_message": "[{\"added\": {}}]",
      "content_type": 22,
      "object_id": "3",
      "object_repr": "Rosa Laveau",
      "user": 1
    },
    "model": "admin.logentry",
    "pk": 67
  },
  {
    "fields": {
      "action_flag": 1,
      "action_time": "2018-11-11T09:09:57.900Z",
      "change_message": "[{\"added\": {}}]",
      "content_type": 20,
      "object_id": "9",
      "object_repr": "Acute Hearing",
      "user": 1
    },
    "model": "admin.logentry",
    "pk": 68
  },
  {
    "fields": {
      "action_flag": 1,
      "action_time": "2018-11-11T09:10:24.388Z",
      "change_message": "[{\"added\": {}}]",
      "content_type": 20,
      "object_id": "10",
      "object_repr": "Attractive",
      "user": 1
    },
    "model": "admin.logentry",
    "pk": 69
  },
  {
    "fields": {
      "action_flag": 2,
      "action_time": "2018-11-11T09:10:32.670Z",
      "change_message": "[{\"added\": {\"name\": \"rel_advantage\", \"object\": \"1\"}}, {\"added\": {\"name\": \"rel_advantage\", \"object\": \"None\"}}]",
      "content_type": 22,
      "object_id": "3",
      "object_repr": "Rosa Laveau",
      "user": 1
    },
    "model": "admin.logentry",
    "pk": 70
  },
  {
    "fields": {
      "action_flag": 1,
      "action_time": "2018-11-11T09:11:10.552Z",
      "change_message": "[{\"added\": {}}]",
      "content_type": 20,
      "object_id": "11",
      "object_repr": "Charisma",
      "user": 1
    },
    "model": "admin.logentry",
    "pk": 71
  },
  {
    "fields": {
      "action_flag": 1,
      "action_time": "2018-11-11T09:12:01.061Z",
      "change_message": "[{\"added\": {}}]",
      "content_type": 20,
      "object_id": "12",
      "object_repr": "Contacts",
      "user": 1
    },
    "model": "admin.logentry",
    "pk": 72
  },
  {
    "fields": {
      "action_flag": 1,
      "action_time": "2018-11-11T09:12:27.676Z",
      "change_message": "[{\"added\": {}}]",
      "content_type": 20,
      "object_id": "13",
      "object_repr": "Fashion Sense",
      "user": 1
    },
    "model": "admin.logentry",
    "pk": 73
  },
  {
    "fields": {
      "action_flag": 1,
      "action_time": "2018-11-11T09:13:25.933Z",
      "change_message": "[{\"added\": {}}]",
      "content_type": 20,
      "object_id": "14",
      "object_repr": "Social Regard",
      "user": 1
    },
    "model": "admin.logentry",
    "pk": 74
  },
  {
    "fields": {
      "action_flag": 1,
      "action_time": "2018-11-11T09:13:49.783Z",
      "change_message": "[{\"added\": {}}]",
      "content_type": 20,
      "object_id": "15",
      "object_repr": "Voice",
      "user": 1
    },
    "model": "admin.logentry",
    "pk": 75
  },
  {
    "fields": {
      "action_flag": 2,
      "action_time": "2018-11-11T09:14:04.527Z",
      "change_message": "[{\"changed\": {\"fields\": [\"basecost\"]}}]",
      "content_type": 20,
      "object_id": "15",
      "object_repr": "Voice",
      "user": 1
    },
    "model": "admin.logentry",
    "pk": 76
  },
  {
    "fields": {
      "action_flag": 2,
      "action_time": "2018-11-11T09:14:12.251Z",
      "change_message": "[{\"added\": {\"name\": \"rel_advantage\", \"object\": \"1\"}}, {\"added\": {\"name\": \"rel_advantage\", \"object\": \"None\"}}, {\"added\": {\"name\": \"rel_advantage\", \"object\": \"None\"}}, {\"added\": {\"name\": \"rel_advantage\", \"object\": \"1\"}}, {\"added\": {\"name\": \"rel_advantage\", \"object\": \"None\"}}, {\"added\": {\"name\": \"rel_advantage\", \"object\": \"2\"}}]",
      "content_type": 22,
      "object_id": "3",
      "object_repr": "Rosa Laveau",
      "user": 1
    },
    "model": "admin.logentry",
    "pk": 77
  },
  {
    "fields": {
      "action_flag": 1,
      "action_time": "2018-11-11T09:16:02.957Z",
      "change_message": "[{\"added\": {}}]",
      "content_type": 30,
      "object_id": "2",
      "object_repr": "Alcoholism (RHM)",
      "user": 1
    },
    "model": "admin.logentry",
    "pk": 78
  },
  {
    "fields": {
      "action_flag": 1,
      "action_time": "2018-11-11T09:16:47.524Z",
      "change_message": "[{\"added\": {}}]",
      "content_type": 30,
      "object_id": "3",
      "object_repr": "Compulsive Carousing",
      "user": 1
    },
    "model": "admin.logentry",
    "pk": 79
  },
  {
    "fields": {
      "action_flag": 1,
      "action_time": "2018-11-11T09:17:26.628Z",
      "change_message": "[{\"added\": {}}]",
      "content_type": 30,
      "object_id": "4",
      "object_repr": "Compulsive Gambling",
      "user": 1
    },
    "model": "admin.logentry",
    "pk": 80
  },
  {
    "fields": {
      "action_flag": 1,
      "action_time": "2018-11-11T09:17:44.912Z",
      "change_message": "[{\"added\": {}}]",
      "content_type": 30,
      "object_id": "5",
      "object_repr": "Curious",
      "user": 1
    },
    "model": "admin.logentry",
    "pk": 81
  },
  {
    "fields": {
      "action_flag": 1,
      "action_time": "2018-11-11T09:18:06.731Z",
      "change_message": "[{\"added\": {}}]",
      "content_type": 30,
      "object_id": "6",
      "object_repr": "Pacifism",
      "user": 1
    },
    "model": "admin.logentry",
    "pk": 82
  },
  {
    "fields": {
      "action_flag": 1,
      "action_time": "2018-11-11T09:18:35.367Z",
      "change_message": "[{\"added\": {}}]",
      "content_type": 30,
      "object_id": "7",
      "object_repr": "Secret",
      "user": 1
    },
    "model": "admin.logentry",
    "pk": 83
  },
  {
    "fields": {
      "action_flag": 1,
      "action_time": "2018-11-11T09:21:11.256Z",
      "change_message": "[{\"added\": {}}]",
      "content_type": 33,
      "object_id": "13",
      "object_repr": "Autohypnosis",
      "user": 1
    },
    "model": "admin.logentry",
    "pk": 84
  },
  {
    "fields": {
      "action_flag": 1,
      "action_time": "2018-11-11T09:21:42.519Z",
      "change_message": "[{\"added\": {}}]",
      "content_type": 33,
      "object_id": "14",
      "object_repr": "Boating",
      "user": 1
    },
    "model": "admin.logentry",
    "pk": 85
  },
  {
    "fields": {
      "action_flag": 1,
      "action_time": "2018-11-11T09:22:13.941Z",
      "change_message": "[{\"added\": {}}]",
      "content_type": 33,
      "object_id": "15",
      "object_repr": "Carousing",
      "user": 1
    },
    "model": "admin.logentry",
    "pk": 86
  },
  {
    "fields": {
      "action_flag": 2,
      "action_time": "2018-11-11T09:22:21.835Z",
      "change_message": "[{\"changed\": {\"fields\": [\"skill_defaults\"]}}]",
      "content_type": 33,
      "object_id": "14",
      "object_repr": "Boating",
      "user": 1
    },
    "model": "admin.logentry",
    "pk": 87
  },
  {
    "fields": {
      "action_flag": 2,
      "action_time": "2018-11-11T09:22:29.489Z",
      "change_message": "[]",
      "content_type": 33,
      "object_id": "13",
      "object_repr": "Autohypnosis",
      "user": 1
    },
    "model": "admin.logentry",
    "pk": 88
  },
  {
    "fields": {
      "action_flag": 1,
      "action_time": "2018-11-11T09:22:59.290Z",
      "change_message": "[{\"added\": {}}]",
      "content_type": 33,
      "object_id": "16",
      "object_repr": "Current Affairs",
      "user": 1
    },
    "model": "admin.logentry",
    "pk": 89
  },
  {
    "fields": {
      "action_flag": 1,
      "action_time": "2018-11-11T09:23:32.859Z",
      "change_message": "[{\"added\": {}}]",
      "content_type": 33,
      "object_id": "17",
      "object_repr": "Musical Influence",
      "user": 1
    },
    "model": "admin.logentry",
    "pk": 90
  },
  {
    "fields": {
      "action_flag": 1,
      "action_time": "2018-11-11T09:24:20.449Z",
      "change_message": "[{\"added\": {}}]",
      "content_type": 33,
      "object_id": "18",
      "object_repr": "Singing",
      "user": 1
    },
    "model": "admin.logentry",
    "pk": 91
  },
  {
    "fields": {
      "action_flag": 1,
      "action_time": "2018-11-11T09:27:31.579Z",
      "change_message": "[{\"added\": {}}]",
      "content_type": 33,
      "object_id": "19",
      "object_repr": "Performance",
      "user": 1
    },
    "model": "admin.logentry",
    "pk": 92
  },
  {
    "fields": {
      "action_flag": 2,
      "action_time": "2018-11-11T09:40:06.590Z",
      "change_message": "[{\"added\": {\"name\": \"rel_disadvantage\", \"object\": \"None\"}}, {\"added\": {\"name\": \"rel_disadvantage\", \"object\": \"None\"}}, {\"added\": {\"name\": \"rel_disadvantage\", \"object\": \"None\"}}, {\"added\": {\"name\": \"rel_disadvantage\", \"object\": \"None\"}}, {\"added\": {\"name\": \"rel_disadvantage\", \"object\": \"None\"}}, {\"added\": {\"name\": \"rel_disadvantage\", \"object\": \"None\"}}, {\"added\": {\"name\": \"rel_skill\", \"object\": \"rel_skill object (13)\"}}, {\"added\": {\"name\": \"rel_skill\", \"object\": \"rel_skill object (14)\"}}, {\"added\": {\"name\": \"rel_skill\", \"object\": \"rel_skill object (15)\"}}, {\"added\": {\"name\": \"rel_skill\", \"object\": \"rel_skill object (16)\"}}, {\"added\": {\"name\": \"rel_skill\", \"object\": \"rel_skill object (17)\"}}, {\"added\": {\"name\": \"rel_skill\", \"object\": \"rel_skill object (18)\"}}, {\"added\": {\"name\": \"rel_skill\", \"object\": \"rel_skill object (19)\"}}, {\"added\": {\"name\": \"rel_skill\", \"object\": \"rel_skill object (20)\"}}, {\"added\": {\"name\": \"rel_skill\", \"object\": \"rel_skill object (21)\"}}]",
      "content_type": 22,
      "object_id": "3",
      "object_repr": "Rosa Laveau",
      "user": 1
    },
    "model": "admin.logentry",
    "pk": 93
  },
  {
    "fields": {
      "action_flag": 1,
      "action_time": "2018-11-11T09:53:34.280Z",
      "change_message": "[{\"added\": {}}]",
      "content_type": 33,
      "object_id": "20",
      "object_repr": "Dancing",
      "user": 1
    },
    "model": "admin.logentry",
    "pk": 94
  },
  {
    "fields": {
      "action_flag": 1,
      "action_time": "2018-11-11T09:54:17.260Z",
      "change_message": "[{\"added\": {}}]",
      "content_type": 33,
      "object_id": "21",
      "object_repr": "Gambling",
      "user": 1
    },
    "model": "admin.logentry",
    "pk": 95
  },
  {
    "fields": {
      "action_flag": 1,
      "action_time": "2018-11-11T09:54:46.760Z",
      "change_message": "[{\"added\": {}}]",
      "content_type": 33,
      "object_id": "22",
      "object_repr": "Makeup",
      "user": 1
    },
    "model": "admin.logentry",
    "pk": 96
  },
  {
    "fields": {
      "action_flag": 2,
      "action_time": "2018-11-11T09:56:29.485Z",
      "change_message": "[{\"added\": {\"name\": \"rel_skill\", \"object\": \"rel_skill object (22)\"}}, {\"added\": {\"name\": \"rel_skill\", \"object\": \"rel_skill object (23)\"}}, {\"added\": {\"name\": \"rel_skill\", \"object\": \"rel_skill object (24)\"}}, {\"added\": {\"name\": \"rel_skill\", \"object\": \"rel_skill object (25)\"}}, {\"added\": {\"name\": \"rel_skill\", \"object\": \"rel_skill object (26)\"}}, {\"changed\": {\"name\": \"rel_skill\", \"object\": \"rel_skill object (14)\", \"fields\": [\"rank\"]}}, {\"changed\": {\"name\": \"rel_skill\", \"object\": \"rel_skill object (15)\", \"fields\": [\"rank\"]}}, {\"changed\": {\"name\": \"rel_skill\", \"object\": \"rel_skill object (16)\", \"fields\": [\"rank\"]}}, {\"changed\": {\"name\": \"rel_skill\", \"object\": \"rel_skill object (17)\", \"fields\": [\"rank\"]}}, {\"changed\": {\"name\": \"rel_skill\", \"object\": \"rel_skill object (18)\", \"fields\": [\"rank\"]}}, {\"changed\": {\"name\": \"rel_skill\", \"object\": \"rel_skill object (19)\", \"fields\": [\"rank\"]}}, {\"changed\": {\"name\": \"rel_skill\", \"object\": \"rel_skill object (20)\", \"fields\": [\"rank\"]}}, {\"changed\": {\"name\": \"rel_skill\", \"object\": \"rel_skill object (21)\", \"fields\": [\"rank\"]}}]",
      "content_type": 22,
      "object_id": "3",
      "object_repr": "Rosa Laveau",
      "user": 1
    },
    "model": "admin.logentry",
    "pk": 97
  },
  {
    "fields": {
      "action_flag": 2,
      "action_time": "2018-11-11T09:58:24.632Z",
      "change_message": "[{\"added\": {\"name\": \"rel_language\", \"object\": \"rel_language object (4)\"}}, {\"added\": {\"name\": \"rel_language\", \"object\": \"rel_language object (5)\"}}]",
      "content_type": 22,
      "object_id": "3",
      "object_repr": "Rosa Laveau",
      "user": 1
    },
    "model": "admin.logentry",
    "pk": 98
  },
  {
    "fields": {
      "action_flag": 1,
      "action_time": "2018-11-11T09:59:01.698Z",
      "change_message": "[{\"added\": {}}]",
      "content_type": 43,
      "object_id": "3",
      "object_repr": "Cigarette Lighter",
      "user": 1
    },
    "model": "admin.logentry",
    "pk": 99
  },
  {
    "fields": {
      "action_flag": 2,
      "action_time": "2018-11-11T09:59:19.874Z",
      "change_message": "[{\"added\": {\"name\": \"rel_possession\", \"object\": \"1x Cigarette Lighter\"}}]",
      "content_type": 22,
      "object_id": "3",
      "object_repr": "Rosa Laveau",
      "user": 1
    },
    "model": "admin.logentry",
    "pk": 100
  },
  {
    "fields": {
      "action_flag": 1,
      "action_time": "2018-11-11T10:03:49.341Z",
      "change_message": "[{\"added\": {}}]",
      "content_type": 20,
      "object_id": "16",
      "object_repr": "Affliction",
      "user": 1
    },
    "model": "admin.logentry",
    "pk": 101
  },
  {
    "fields": {
      "action_flag": 1,
      "action_time": "2018-11-11T10:04:59.757Z",
      "change_message": "[{\"added\": {}}, {\"added\": {\"name\": \"modifier\", \"object\": \"Heart Attack\"}}, {\"added\": {\"name\": \"modifier\", \"object\": \"PM Psionic\"}}]",
      "content_type": 25,
      "object_id": "5",
      "object_repr": "Heart Attack; PM Psionic",
      "user": 1
    },
    "model": "admin.logentry",
    "pk": 102
  },
  {
    "fields": {
      "action_flag": 1,
      "action_time": "2018-11-11T10:05:43.264Z",
      "change_message": "[{\"added\": {}}, {\"added\": {\"name\": \"rel_advantage\", \"object\": \"1\"}}]",
      "content_type": 22,
      "object_id": "4",
      "object_repr": "Vincent Amant",
      "user": 1
    },
    "model": "admin.logentry",
    "pk": 103
  },
  {
    "fields": {
      "action_flag": 1,
      "action_time": "2018-11-11T10:06:35.227Z",
      "change_message": "[{\"added\": {}}]",
      "content_type": 20,
      "object_id": "17",
      "object_repr": "Combat Reflexes",
      "user": 1
    },
    "model": "admin.logentry",
    "pk": 104
  },
  {
    "fields": {
      "action_flag": 1,
      "action_time": "2018-11-11T10:09:53.261Z",
      "change_message": "[{\"added\": {}}]",
      "content_type": 20,
      "object_id": "18",
      "object_repr": "Terror* -2",
      "user": 1
    },
    "model": "admin.logentry",
    "pk": 105
  },
  {
    "fields": {
      "action_flag": 1,
      "action_time": "2018-11-11T10:10:20.175Z",
      "change_message": "[{\"added\": {}}]",
      "content_type": 20,
      "object_id": "19",
      "object_repr": "Fearlessness",
      "user": 1
    },
    "model": "admin.logentry",
    "pk": 106
  },
  {
    "fields": {
      "action_flag": 1,
      "action_time": "2018-11-11T10:10:45.762Z",
      "change_message": "[{\"added\": {}}]",
      "content_type": 20,
      "object_id": "20",
      "object_repr": "Single-Minded",
      "user": 1
    },
    "model": "admin.logentry",
    "pk": 107
  },
  {
    "fields": {
      "action_flag": 2,
      "action_time": "2018-11-11T10:10:57.502Z",
      "change_message": "[{\"added\": {\"name\": \"rel_advantage\", \"object\": \"None\"}}, {\"added\": {\"name\": \"rel_advantage\", \"object\": \"None\"}}, {\"added\": {\"name\": \"rel_advantage\", \"object\": \"None\"}}, {\"added\": {\"name\": \"rel_advantage\", \"object\": \"None\"}}, {\"added\": {\"name\": \"rel_advantage\", \"object\": \"3\"}}, {\"added\": {\"name\": \"rel_advantage\", \"object\": \"None\"}}]",
      "content_type": 22,
      "object_id": "4",
      "object_repr": "Vincent Amant",
      "user": 1
    },
    "model": "admin.logentry",
    "pk": 108
  },
  {
    "fields": {
      "action_flag": 1,
      "action_time": "2018-11-11T10:12:21.208Z",
      "change_message": "[{\"added\": {}}]",
      "content_type": 30,
      "object_id": "8",
      "object_repr": "Nightmares",
      "user": 1
    },
    "model": "admin.logentry",
    "pk": 109
  },
  {
    "fields": {
      "action_flag": 1,
      "action_time": "2018-11-11T10:12:44.648Z",
      "change_message": "[{\"added\": {}}]",
      "content_type": 30,
      "object_id": "9",
      "object_repr": "Insomniac",
      "user": 1
    },
    "model": "admin.logentry",
    "pk": 110
  },
  {
    "fields": {
      "action_flag": 1,
      "action_time": "2018-11-11T10:13:11.040Z",
      "change_message": "[{\"added\": {}}]",
      "content_type": 30,
      "object_id": "10",
      "object_repr": "Overconfidence",
      "user": 1
    },
    "model": "admin.logentry",
    "pk": 111
  },
  {
    "fields": {
      "action_flag": 1,
      "action_time": "2018-11-11T10:13:32.924Z",
      "change_message": "[{\"added\": {}}]",
      "content_type": 30,
      "object_id": "11",
      "object_repr": "Addiction (Amphetamines)",
      "user": 1
    },
    "model": "admin.logentry",
    "pk": 112
  },
  {
    "fields": {
      "action_flag": 2,
      "action_time": "2018-11-11T10:13:53.769Z",
      "change_message": "[{\"added\": {\"name\": \"rel_disadvantage\", \"object\": \"None\"}}, {\"added\": {\"name\": \"rel_disadvantage\", \"object\": \"None\"}}, {\"added\": {\"name\": \"rel_disadvantage\", \"object\": \"None\"}}, {\"added\": {\"name\": \"rel_disadvantage\", \"object\": \"None\"}}, {\"added\": {\"name\": \"rel_disadvantage\", \"object\": \"None\"}}]",
      "content_type": 22,
      "object_id": "4",
      "object_repr": "Vincent Amant",
      "user": 1
    },
    "model": "admin.logentry",
    "pk": 113
  },
  {
    "fields": {
      "action_flag": 1,
      "action_time": "2018-11-11T10:15:18.647Z",
      "change_message": "[{\"added\": {}}]",
      "content_type": 33,
      "object_id": "23",
      "object_repr": "Sex Appeal",
      "user": 1
    },
    "model": "admin.logentry",
    "pk": 114
  },
  {
    "fields": {
      "action_flag": 1,
      "action_time": "2018-11-11T10:15:42.836Z",
      "change_message": "[{\"added\": {}}]",
      "content_type": 33,
      "object_id": "24",
      "object_repr": "Erotic Art",
      "user": 1
    },
    "model": "admin.logentry",
    "pk": 115
  },
  {
    "fields": {
      "action_flag": 1,
      "action_time": "2018-11-11T10:22:13.360Z",
      "change_message": "[{\"added\": {}}]",
      "content_type": 33,
      "object_id": "25",
      "object_repr": "Detect Lies",
      "user": 1
    },
    "model": "admin.logentry",
    "pk": 116
  },
  {
    "fields": {
      "action_flag": 1,
      "action_time": "2018-11-11T10:22:38.296Z",
      "change_message": "[{\"added\": {}}]",
      "content_type": 33,
      "object_id": "26",
      "object_repr": "Shadowing",
      "user": 1
    },
    "model": "admin.logentry",
    "pk": 117
  },
  {
    "fields": {
      "action_flag": 1,
      "action_time": "2018-11-11T10:23:37.058Z",
      "change_message": "[{\"added\": {}}]",
      "content_type": 33,
      "object_id": "27",
      "object_repr": "Lockpicking",
      "user": 1
    },
    "model": "admin.logentry",
    "pk": 118
  },
  {
    "fields": {
      "action_flag": 1,
      "action_time": "2018-11-11T10:24:29.852Z",
      "change_message": "[{\"added\": {}}]",
      "content_type": 33,
      "object_id": "28",
      "object_repr": "Interrogation",
      "user": 1
    },
    "model": "admin.logentry",
    "pk": 119
  },
  {
    "fields": {
      "action_flag": 1,
      "action_time": "2018-11-11T10:25:28.655Z",
      "change_message": "[{\"added\": {}}]",
      "content_type": 33,
      "object_id": "29",
      "object_repr": "Stealth",
      "user": 1
    },
    "model": "admin.logentry",
    "pk": 120
  },
  {
    "fields": {
      "action_flag": 1,
      "action_time": "2018-11-11T10:26:35.892Z",
      "change_message": "[{\"added\": {}}]",
      "content_type": 33,
      "object_id": "30",
      "object_repr": "Brawling",
      "user": 1
    },
    "model": "admin.logentry",
    "pk": 121
  },
  {
    "fields": {
      "action_flag": 1,
      "action_time": "2018-11-11T10:27:10.875Z",
      "change_message": "[{\"added\": {}}]",
      "content_type": 33,
      "object_id": "31",
      "object_repr": "Acting",
      "user": 1
    },
    "model": "admin.logentry",
    "pk": 122
  },
  {
    "fields": {
      "action_flag": 1,
      "action_time": "2018-11-11T10:27:55.223Z",
      "change_message": "[{\"added\": {}}]",
      "content_type": 33,
      "object_id": "32",
      "object_repr": "Observation",
      "user": 1
    },
    "model": "admin.logentry",
    "pk": 123
  },
  {
    "fields": {
      "action_flag": 1,
      "action_time": "2018-11-11T10:28:15.986Z",
      "change_message": "[{\"added\": {}}]",
      "content_type": 33,
      "object_id": "33",
      "object_repr": "Diplomacy",
      "user": 1
    },
    "model": "admin.logentry",
    "pk": 124
  },
  {
    "fields": {
      "action_flag": 1,
      "action_time": "2018-11-11T10:28:58.507Z",
      "change_message": "[{\"added\": {}}]",
      "content_type": 33,
      "object_id": "34",
      "object_repr": "First Aid",
      "user": 1
    },
    "model": "admin.logentry",
    "pk": 125
  },
  {
    "fields": {
      "action_flag": 2,
      "action_time": "2018-11-11T10:30:28.699Z",
      "change_message": "[{\"added\": {\"name\": \"rel_skill\", \"object\": \"rel_skill object (27)\"}}, {\"added\": {\"name\": \"rel_skill\", \"object\": \"rel_skill object (28)\"}}, {\"added\": {\"name\": \"rel_skill\", \"object\": \"rel_skill object (29)\"}}, {\"added\": {\"name\": \"rel_skill\", \"object\": \"rel_skill object (30)\"}}, {\"added\": {\"name\": \"rel_skill\", \"object\": \"rel_skill object (31)\"}}, {\"added\": {\"name\": \"rel_skill\", \"object\": \"rel_skill object (32)\"}}, {\"added\": {\"name\": \"rel_skill\", \"object\": \"rel_skill object (33)\"}}, {\"added\": {\"name\": \"rel_skill\", \"object\": \"rel_skill object (34)\"}}, {\"added\": {\"name\": \"rel_skill\", \"object\": \"rel_skill object (35)\"}}, {\"added\": {\"name\": \"rel_skill\", \"object\": \"rel_skill object (36)\"}}, {\"added\": {\"name\": \"rel_skill\", \"object\": \"rel_skill object (37)\"}}, {\"added\": {\"name\": \"rel_skill\", \"object\": \"rel_skill object (38)\"}}, {\"added\": {\"name\": \"rel_skill\", \"object\": \"rel_skill object (39)\"}}, {\"added\": {\"name\": \"rel_skill\", \"object\": \"rel_skill object (40)\"}}, {\"added\": {\"name\": \"rel_skill\", \"object\": \"rel_skill object (41)\"}}, {\"added\": {\"name\": \"rel_skill\", \"object\": \"rel_skill object (42)\"}}, {\"added\": {\"name\": \"rel_language\", \"object\": \"rel_language object (6)\"}}, {\"added\": {\"name\": \"rel_language\", \"object\": \"rel_language object (7)\"}}]",
      "content_type": 22,
      "object_id": "4",
      "object_repr": "Vincent Amant",
      "user": 1
    },
    "model": "admin.logentry",
    "pk": 126
  },
  {
    "fields": {
      "action_flag": 2,
      "action_time": "2018-11-11T10:31:27.475Z",
      "change_message": "[]",
      "content_type": 22,
      "object_id": "4",
      "object_repr": "Vincent Amant",
      "user": 1
    },
    "model": "admin.logentry",
    "pk": 127
  },
  {
    "fields": {
      "action_flag": 2,
      "action_time": "2018-11-14T11:16:22.241Z",
      "change_message": "[{\"changed\": {\"fields\": [\"basecost\"]}}]",
      "content_type": 20,
      "object_id": "10",
      "object_repr": "Attractive",
      "user": 1
    },
    "model": "admin.logentry",
    "pk": 128
  },
  {
    "fields": {
      "action_flag": 1,
      "action_time": "2018-11-14T11:21:28.350Z",
      "change_message": "[{\"added\": {}}]",
      "content_type": 20,
      "object_id": "21",
      "object_repr": "Channeling",
      "user": 1
    },
    "model": "admin.logentry",
    "pk": 129
  },
  {
    "fields": {
      "action_flag": 1,
      "action_time": "2018-11-14T11:21:51.975Z",
      "change_message": "[{\"added\": {}}]",
      "content_type": 20,
      "object_id": "22",
      "object_repr": "Medium",
      "user": 1
    },
    "model": "admin.logentry",
    "pk": 130
  },
  {
    "fields": {
      "action_flag": 1,
      "action_time": "2018-11-14T11:22:29.072Z",
      "change_message": "[{\"added\": {}}]",
      "content_type": 20,
      "object_id": "23",
      "object_repr": "Autotrance",
      "user": 1
    },
    "model": "admin.logentry",
    "pk": 131
  },
  {
    "fields": {
      "action_flag": 1,
      "action_time": "2018-11-14T11:23:17.301Z",
      "change_message": "[{\"added\": {}}]",
      "content_type": 20,
      "object_id": "24",
      "object_repr": "Claim to Hospitality",
      "user": 1
    },
    "model": "admin.logentry",
    "pk": 132
  },
  {
    "fields": {
      "action_flag": 1,
      "action_time": "2018-11-14T11:25:46.051Z",
      "change_message": "[{\"added\": {}}]",
      "content_type": 20,
      "object_id": "25",
      "object_repr": "Sensitive Empathy",
      "user": 1
    },
    "model": "admin.logentry",
    "pk": 133
  },
  {
    "fields": {
      "action_flag": 2,
      "action_time": "2018-11-14T11:26:21.475Z",
      "change_message": "[{\"changed\": {\"fields\": [\"dx\", \"iq\", \"hp\", \"will\", \"per\", \"fp\", \"sm\"]}}, {\"added\": {\"name\": \"rel_advantage\", \"object\": \"1\"}}, {\"added\": {\"name\": \"rel_advantage\", \"object\": \"None\"}}, {\"added\": {\"name\": \"rel_advantage\", \"object\": \"None\"}}, {\"added\": {\"name\": \"rel_advantage\", \"object\": \"None\"}}, {\"added\": {\"name\": \"rel_advantage\", \"object\": \"None\"}}, {\"added\": {\"name\": \"rel_advantage\", \"object\": \"None\"}}, {\"added\": {\"name\": \"rel_advantage\", \"object\": \"None\"}}]",
      "content_type": 22,
      "object_id": "3",
      "object_repr": "Rosa Laveau",
      "user": 1
    },
    "model": "admin.logentry",
    "pk": 134
  },
  {
    "fields": {
      "action_flag": 1,
      "action_time": "2018-11-14T11:27:48.714Z",
      "change_message": "[{\"added\": {}}, {\"added\": {\"name\": \"modifier\", \"object\": \"Defensive\"}}]",
      "content_type": 25,
      "object_id": "6",
      "object_repr": "Defensive",
      "user": 1
    },
    "model": "admin.logentry",
    "pk": 135
  },
  {
    "fields": {
      "action_flag": 1,
      "action_time": "2018-11-14T11:29:13.975Z",
      "change_message": "[{\"added\": {}}]",
      "content_type": 30,
      "object_id": "12",
      "object_repr": "Charitable",
      "user": 1
    },
    "model": "admin.logentry",
    "pk": 136
  },
  {
    "fields": {
      "action_flag": 1,
      "action_time": "2018-11-14T11:29:59.182Z",
      "change_message": "[{\"added\": {}}]",
      "content_type": 30,
      "object_id": "13",
      "object_repr": "Unnatural Features",
      "user": 1
    },
    "model": "admin.logentry",
    "pk": 137
  },
  {
    "fields": {
      "action_flag": 1,
      "action_time": "2018-11-14T11:30:44.030Z",
      "change_message": "[{\"added\": {}}]",
      "content_type": 30,
      "object_id": "14",
      "object_repr": "Fanaticism",
      "user": 1
    },
    "model": "admin.logentry",
    "pk": 138
  },
  {
    "fields": {
      "action_flag": 1,
      "action_time": "2018-11-14T11:31:32.139Z",
      "change_message": "[{\"added\": {}}]",
      "content_type": 30,
      "object_id": "15",
      "object_repr": "Guilt Complex",
      "user": 1
    },
    "model": "admin.logentry",
    "pk": 139
  },
  {
    "fields": {
      "action_flag": 1,
      "action_time": "2018-11-14T11:31:52.981Z",
      "change_message": "[{\"added\": {}}]",
      "content_type": 30,
      "object_id": "16",
      "object_repr": "Lecherousness",
      "user": 1
    },
    "model": "admin.logentry",
    "pk": 140
  },
  {
    "fields": {
      "action_flag": 1,
      "action_time": "2018-11-14T11:32:27.802Z",
      "change_message": "[{\"added\": {}}]",
      "content_type": 30,
      "object_id": "17",
      "object_repr": "Pacifism",
      "user": 1
    },
    "model": "admin.logentry",
    "pk": 141
  },
  {
    "fields": {
      "action_flag": 1,
      "action_time": "2018-11-14T11:32:45.293Z",
      "change_message": "[{\"added\": {}}]",
      "content_type": 30,
      "object_id": "18",
      "object_repr": "Secret",
      "user": 1
    },
    "model": "admin.logentry",
    "pk": 142
  },
  {
    "fields": {
      "action_flag": 2,
      "action_time": "2018-11-14T11:33:04.236Z",
      "change_message": "[{\"changed\": {\"name\": \"rel_advantage\", \"object\": \"None\", \"fields\": [\"modifiers\"]}}, {\"added\": {\"name\": \"rel_disadvantage\", \"object\": \"None\"}}, {\"added\": {\"name\": \"rel_disadvantage\", \"object\": \"None\"}}, {\"added\": {\"name\": \"rel_disadvantage\", \"object\": \"None\"}}, {\"added\": {\"name\": \"rel_disadvantage\", \"object\": \"None\"}}, {\"added\": {\"name\": \"rel_disadvantage\", \"object\": \"None\"}}, {\"added\": {\"name\": \"rel_disadvantage\", \"object\": \"None\"}}, {\"added\": {\"name\": \"rel_disadvantage\", \"object\": \"None\"}}]",
      "content_type": 22,
      "object_id": "3",
      "object_repr": "Rosa Laveau",
      "user": 1
    },
    "model": "admin.logentry",
    "pk": 143
  },
  {
    "fields": {
      "action_flag": 1,
      "action_time": "2018-11-14T11:35:36.956Z",
      "change_message": "[{\"added\": {}}]",
      "content_type": 30,
      "object_id": "19",
      "object_repr": "Enemy (Local law-enforcement agency; Watcher; 9 or less)",
      "user": 1
    },
    "model": "admin.logentry",
    "pk": 144
  },
  {
    "fields": {
      "action_flag": 1,
      "action_time": "2018-11-14T11:35:59.899Z",
      "change_message": "[{\"added\": {}}]",
      "content_type": 30,
      "object_id": "20",
      "object_repr": "Callous",
      "user": 1
    },
    "model": "admin.logentry",
    "pk": 145
  },
  {
    "fields": {
      "action_flag": 1,
      "action_time": "2018-11-14T11:36:28.266Z",
      "change_message": "[{\"added\": {}}]",
      "content_type": 30,
      "object_id": "21",
      "object_repr": "Compulsive Lying",
      "user": 1
    },
    "model": "admin.logentry",
    "pk": 146
  },
  {
    "fields": {
      "action_flag": 1,
      "action_time": "2018-11-14T11:37:19.763Z",
      "change_message": "[{\"added\": {}}]",
      "content_type": 30,
      "object_id": "22",
      "object_repr": "Megalomania",
      "user": 1
    },
    "model": "admin.logentry",
    "pk": 147
  },
  {
    "fields": {
      "action_flag": 2,
      "action_time": "2018-11-14T11:37:35.729Z",
      "change_message": "[{\"added\": {\"name\": \"rel_disadvantage\", \"object\": \"None\"}}, {\"added\": {\"name\": \"rel_disadvantage\", \"object\": \"None\"}}, {\"added\": {\"name\": \"rel_disadvantage\", \"object\": \"None\"}}, {\"added\": {\"name\": \"rel_disadvantage\", \"object\": \"None\"}}, {\"added\": {\"name\": \"rel_disadvantage\", \"object\": \"None\"}}]",
      "content_type": 22,
      "object_id": "2",
      "object_repr": "Esther Fayette",
      "user": 1
    },
    "model": "admin.logentry",
    "pk": 148
  },
  {
    "fields": {
      "action_flag": 2,
      "action_time": "2018-11-18T11:43:57.921Z",
      "change_message": "[{\"added\": {\"name\": \"rel_possession\", \"object\": \"1x Cigarette Lighter\"}}]",
      "content_type": 22,
      "object_id": "2",
      "object_repr": "Esther Fayette",
      "user": 1
    },
    "model": "admin.logentry",
    "pk": 149
  }
]