[{"model": "contenttypes.contenttype", "pk": 1, "fields": {"app_label": "admin", "model": "logentry"}}, {"model": "contenttypes.contenttype", "pk": 2, "fields": {"app_label": "polls", "model": "category"}}, {"model": "contenttypes.contenttype", "pk": 3, "fields": {"app_label": "polls", "model": "choice"}}, {"model": "contenttypes.contenttype", "pk": 4, "fields": {"app_label": "polls", "model": "door"}}, {"model": "contenttypes.contenttype", "pk": 5, "fields": {"app_label": "polls", "model": "door_frametype"}}, {"model": "contenttypes.contenttype", "pk": 6, "fields": {"app_label": "polls", "model": "door_leaftype"}}, {"model": "contenttypes.contenttype", "pk": 7, "fields": {"app_label": "polls", "model": "finish"}}, {"model": "contenttypes.contenttype", "pk": 8, "fields": {"app_label": "polls", "model": "finishcode"}}, {"model": "contenttypes.contenttype", "pk": 9, "fields": {"app_label": "polls", "model": "project"}}, {"model": "contenttypes.contenttype", "pk": 10, "fields": {"app_label": "polls", "model": "question"}}, {"model": "contenttypes.contenttype", "pk": 11, "fields": {"app_label": "polls", "model": "rel_roomdoor"}}, {"model": "contenttypes.contenttype", "pk": 12, "fields": {"app_label": "polls", "model": "room"}}, {"model": "contenttypes.contenttype", "pk": 13, "fields": {"app_label": "polls", "model": "supplier"}}, {"model": "contenttypes.contenttype", "pk": 14, "fields": {"app_label": "contenttypes", "model": "contenttype"}}, {"model": "contenttypes.contenttype", "pk": 15, "fields": {"app_label": "auth", "model": "permission"}}, {"model": "contenttypes.contenttype", "pk": 16, "fields": {"app_label": "auth", "model": "group"}}, {"model": "contenttypes.contenttype", "pk": 17, "fields": {"app_label": "auth", "model": "user"}}, {"model": "contenttypes.contenttype", "pk": 18, "fields": {"app_label": "sessions", "model": "session"}}, {"model": "contenttypes.contenttype", "pk": 19, "fields": {"app_label": "articles", "model": "post"}}, {"model": "contenttypes.contenttype", "pk": 20, "fields": {"app_label": "scrpgtest", "model": "advantage"}}, {"model": "contenttypes.contenttype", "pk": 21, "fields": {"app_label": "scrpgtest", "model": "campaign"}}, {"model": "contenttypes.contenttype", "pk": 22, "fields": {"app_label": "scrpgtest", "model": "character"}}, {"model": "contenttypes.contenttype", "pk": 23, "fields": {"app_label": "scrpgtest", "model": "charactertype"}}, {"model": "contenttypes.contenttype", "pk": 24, "fields": {"app_label": "scrpgtest", "model": "modifier"}}, {"model": "contenttypes.contenttype", "pk": 25, "fields": {"app_label": "scrpgtest", "model": "modpackage"}}, {"model": "contenttypes.contenttype", "pk": 26, "fields": {"app_label": "scrpgtest", "model": "race"}}, {"model": "contenttypes.contenttype", "pk": 27, "fields": {"app_label": "scrpgtest", "model": "rel_advantage"}}, {"model": "contenttypes.contenttype", "pk": 28, "fields": {"app_label": "scrpgtest", "model": "specialmodifier"}}, {"model": "contenttypes.contenttype", "pk": 29, "fields": {"app_label": "scrpgtest", "model": "status"}}, {"model": "contenttypes.contenttype", "pk": 30, "fields": {"app_label": "scrpgtest", "model": "disadvantage"}}, {"model": "contenttypes.contenttype", "pk": 31, "fields": {"app_label": "scrpgtest", "model": "rel_disadvantage"}}, {"model": "contenttypes.contenttype", "pk": 32, "fields": {"app_label": "scrpgtest", "model": "rel_skill"}}, {"model": "contenttypes.contenttype", "pk": 33, "fields": {"app_label": "scrpgtest", "model": "skill"}}, {"model": "contenttypes.contenttype", "pk": 34, "fields": {"app_label": "scrpgtest", "model": "language"}}, {"model": "contenttypes.contenttype", "pk": 35, "fields": {"app_label": "scrpgtest", "model": "rel_language"}}, {"model": "contenttypes.contenttype", "pk": 36, "fields": {"app_label": "unswcode", "model": "profile"}}, {"model": "contenttypes.contenttype", "pk": 37, "fields": {"app_label": "unswcode", "model": "submission"}}, {"model": "contenttypes.contenttype", "pk": 38, "fields": {"app_label": "tagging", "model": "tag"}}, {"model": "contenttypes.contenttype", "pk": 39, "fields": {"app_label": "tagging", "model": "taggeditem"}}, {"model": "contenttypes.contenttype", "pk": 40, "fields": {"app_label": "taggit", "model": "tag"}}, {"model": "contenttypes.contenttype", "pk": 41, "fields": {"app_label": "taggit", "model": "taggeditem"}}, {"model": "contenttypes.contenttype", "pk": 42, "fields": {"app_label": "redback", "model": "rb_item"}}, {"model": "contenttypes.contenttype", "pk": 43, "fields": {"app_label": "scrpgtest", "model": "possession"}}, {"model": "contenttypes.contenttype", "pk": 44, "fields": {"app_label": "scrpgtest", "model": "rel_possession"}}, {"model": "auth.permission", "pk": 1, "fields": {"name": "Can add log entry", "content_type": 1, "codename": "add_logentry"}}, {"model": "auth.permission", "pk": 2, "fields": {"name": "Can change log entry", "content_type": 1, "codename": "change_logentry"}}, {"model": "auth.permission", "pk": 3, "fields": {"name": "Can delete log entry", "content_type": 1, "codename": "delete_logentry"}}, {"model": "auth.permission", "pk": 4, "fields": {"name": "Can view log entry", "content_type": 1, "codename": "view_logentry"}}, {"model": "auth.permission", "pk": 5, "fields": {"name": "Can add category", "content_type": 2, "codename": "add_category"}}, {"model": "auth.permission", "pk": 6, "fields": {"name": "Can change category", "content_type": 2, "codename": "change_category"}}, {"model": "auth.permission", "pk": 7, "fields": {"name": "Can delete category", "content_type": 2, "codename": "delete_category"}}, {"model": "auth.permission", "pk": 8, "fields": {"name": "Can view category", "content_type": 2, "codename": "view_category"}}, {"model": "auth.permission", "pk": 9, "fields": {"name": "Can add choice", "content_type": 3, "codename": "add_choice"}}, {"model": "auth.permission", "pk": 10, "fields": {"name": "Can change choice", "content_type": 3, "codename": "change_choice"}}, {"model": "auth.permission", "pk": 11, "fields": {"name": "Can delete choice", "content_type": 3, "codename": "delete_choice"}}, {"model": "auth.permission", "pk": 12, "fields": {"name": "Can view choice", "content_type": 3, "codename": "view_choice"}}, {"model": "auth.permission", "pk": 13, "fields": {"name": "Can add door", "content_type": 4, "codename": "add_door"}}, {"model": "auth.permission", "pk": 14, "fields": {"name": "Can change door", "content_type": 4, "codename": "change_door"}}, {"model": "auth.permission", "pk": 15, "fields": {"name": "Can delete door", "content_type": 4, "codename": "delete_door"}}, {"model": "auth.permission", "pk": 16, "fields": {"name": "Can view door", "content_type": 4, "codename": "view_door"}}, {"model": "auth.permission", "pk": 17, "fields": {"name": "Can add door_frame type", "content_type": 5, "codename": "add_door_frametype"}}, {"model": "auth.permission", "pk": 18, "fields": {"name": "Can change door_frame type", "content_type": 5, "codename": "change_door_frametype"}}, {"model": "auth.permission", "pk": 19, "fields": {"name": "Can delete door_frame type", "content_type": 5, "codename": "delete_door_frametype"}}, {"model": "auth.permission", "pk": 20, "fields": {"name": "Can view door_frame type", "content_type": 5, "codename": "view_door_frametype"}}, {"model": "auth.permission", "pk": 21, "fields": {"name": "Can add door_leaf type", "content_type": 6, "codename": "add_door_leaftype"}}, {"model": "auth.permission", "pk": 22, "fields": {"name": "Can change door_leaf type", "content_type": 6, "codename": "change_door_leaftype"}}, {"model": "auth.permission", "pk": 23, "fields": {"name": "Can delete door_leaf type", "content_type": 6, "codename": "delete_door_leaftype"}}, {"model": "auth.permission", "pk": 24, "fields": {"name": "Can view door_leaf type", "content_type": 6, "codename": "view_door_leaftype"}}, {"model": "auth.permission", "pk": 25, "fields": {"name": "Can add finish", "content_type": 7, "codename": "add_finish"}}, {"model": "auth.permission", "pk": 26, "fields": {"name": "Can change finish", "content_type": 7, "codename": "change_finish"}}, {"model": "auth.permission", "pk": 27, "fields": {"name": "Can delete finish", "content_type": 7, "codename": "delete_finish"}}, {"model": "auth.permission", "pk": 28, "fields": {"name": "Can view finish", "content_type": 7, "codename": "view_finish"}}, {"model": "auth.permission", "pk": 29, "fields": {"name": "Can add finish code", "content_type": 8, "codename": "add_finishcode"}}, {"model": "auth.permission", "pk": 30, "fields": {"name": "Can change finish code", "content_type": 8, "codename": "change_finishcode"}}, {"model": "auth.permission", "pk": 31, "fields": {"name": "Can delete finish code", "content_type": 8, "codename": "delete_finishcode"}}, {"model": "auth.permission", "pk": 32, "fields": {"name": "Can view finish code", "content_type": 8, "codename": "view_finishcode"}}, {"model": "auth.permission", "pk": 33, "fields": {"name": "Can add project", "content_type": 9, "codename": "add_project"}}, {"model": "auth.permission", "pk": 34, "fields": {"name": "Can change project", "content_type": 9, "codename": "change_project"}}, {"model": "auth.permission", "pk": 35, "fields": {"name": "Can delete project", "content_type": 9, "codename": "delete_project"}}, {"model": "auth.permission", "pk": 36, "fields": {"name": "Can view project", "content_type": 9, "codename": "view_project"}}, {"model": "auth.permission", "pk": 37, "fields": {"name": "Can add question", "content_type": 10, "codename": "add_question"}}, {"model": "auth.permission", "pk": 38, "fields": {"name": "Can change question", "content_type": 10, "codename": "change_question"}}, {"model": "auth.permission", "pk": 39, "fields": {"name": "Can delete question", "content_type": 10, "codename": "delete_question"}}, {"model": "auth.permission", "pk": 40, "fields": {"name": "Can view question", "content_type": 10, "codename": "view_question"}}, {"model": "auth.permission", "pk": 41, "fields": {"name": "Can add rel_room door", "content_type": 11, "codename": "add_rel_roomdoor"}}, {"model": "auth.permission", "pk": 42, "fields": {"name": "Can change rel_room door", "content_type": 11, "codename": "change_rel_roomdoor"}}, {"model": "auth.permission", "pk": 43, "fields": {"name": "Can delete rel_room door", "content_type": 11, "codename": "delete_rel_roomdoor"}}, {"model": "auth.permission", "pk": 44, "fields": {"name": "Can view rel_room door", "content_type": 11, "codename": "view_rel_roomdoor"}}, {"model": "auth.permission", "pk": 45, "fields": {"name": "Can add room", "content_type": 12, "codename": "add_room"}}, {"model": "auth.permission", "pk": 46, "fields": {"name": "Can change room", "content_type": 12, "codename": "change_room"}}, {"model": "auth.permission", "pk": 47, "fields": {"name": "Can delete room", "content_type": 12, "codename": "delete_room"}}, {"model": "auth.permission", "pk": 48, "fields": {"name": "Can view room", "content_type": 12, "codename": "view_room"}}, {"model": "auth.permission", "pk": 49, "fields": {"name": "Can add supplier", "content_type": 13, "codename": "add_supplier"}}, {"model": "auth.permission", "pk": 50, "fields": {"name": "Can change supplier", "content_type": 13, "codename": "change_supplier"}}, {"model": "auth.permission", "pk": 51, "fields": {"name": "Can delete supplier", "content_type": 13, "codename": "delete_supplier"}}, {"model": "auth.permission", "pk": 52, "fields": {"name": "Can view supplier", "content_type": 13, "codename": "view_supplier"}}, {"model": "auth.permission", "pk": 53, "fields": {"name": "Can add content type", "content_type": 14, "codename": "add_contenttype"}}, {"model": "auth.permission", "pk": 54, "fields": {"name": "Can change content type", "content_type": 14, "codename": "change_contenttype"}}, {"model": "auth.permission", "pk": 55, "fields": {"name": "Can delete content type", "content_type": 14, "codename": "delete_contenttype"}}, {"model": "auth.permission", "pk": 56, "fields": {"name": "Can view content type", "content_type": 14, "codename": "view_contenttype"}}, {"model": "auth.permission", "pk": 57, "fields": {"name": "Can add permission", "content_type": 15, "codename": "add_permission"}}, {"model": "auth.permission", "pk": 58, "fields": {"name": "Can change permission", "content_type": 15, "codename": "change_permission"}}, {"model": "auth.permission", "pk": 59, "fields": {"name": "Can delete permission", "content_type": 15, "codename": "delete_permission"}}, {"model": "auth.permission", "pk": 60, "fields": {"name": "Can view permission", "content_type": 15, "codename": "view_permission"}}, {"model": "auth.permission", "pk": 61, "fields": {"name": "Can add group", "content_type": 16, "codename": "add_group"}}, {"model": "auth.permission", "pk": 62, "fields": {"name": "Can change group", "content_type": 16, "codename": "change_group"}}, {"model": "auth.permission", "pk": 63, "fields": {"name": "Can delete group", "content_type": 16, "codename": "delete_group"}}, {"model": "auth.permission", "pk": 64, "fields": {"name": "Can view group", "content_type": 16, "codename": "view_group"}}, {"model": "auth.permission", "pk": 65, "fields": {"name": "Can add user", "content_type": 17, "codename": "add_user"}}, {"model": "auth.permission", "pk": 66, "fields": {"name": "Can change user", "content_type": 17, "codename": "change_user"}}, {"model": "auth.permission", "pk": 67, "fields": {"name": "Can delete user", "content_type": 17, "codename": "delete_user"}}, {"model": "auth.permission", "pk": 68, "fields": {"name": "Can view user", "content_type": 17, "codename": "view_user"}}, {"model": "auth.permission", "pk": 69, "fields": {"name": "Can add session", "content_type": 18, "codename": "add_session"}}, {"model": "auth.permission", "pk": 70, "fields": {"name": "Can change session", "content_type": 18, "codename": "change_session"}}, {"model": "auth.permission", "pk": 71, "fields": {"name": "Can delete session", "content_type": 18, "codename": "delete_session"}}, {"model": "auth.permission", "pk": 72, "fields": {"name": "Can view session", "content_type": 18, "codename": "view_session"}}, {"model": "auth.permission", "pk": 73, "fields": {"name": "Can add post", "content_type": 19, "codename": "add_post"}}, {"model": "auth.permission", "pk": 74, "fields": {"name": "Can change post", "content_type": 19, "codename": "change_post"}}, {"model": "auth.permission", "pk": 75, "fields": {"name": "Can delete post", "content_type": 19, "codename": "delete_post"}}, {"model": "auth.permission", "pk": 76, "fields": {"name": "Can view post", "content_type": 19, "codename": "view_post"}}, {"model": "auth.permission", "pk": 77, "fields": {"name": "Can add advantage", "content_type": 20, "codename": "add_advantage"}}, {"model": "auth.permission", "pk": 78, "fields": {"name": "Can change advantage", "content_type": 20, "codename": "change_advantage"}}, {"model": "auth.permission", "pk": 79, "fields": {"name": "Can delete advantage", "content_type": 20, "codename": "delete_advantage"}}, {"model": "auth.permission", "pk": 80, "fields": {"name": "Can view advantage", "content_type": 20, "codename": "view_advantage"}}, {"model": "auth.permission", "pk": 81, "fields": {"name": "Can add campaign", "content_type": 21, "codename": "add_campaign"}}, {"model": "auth.permission", "pk": 82, "fields": {"name": "Can change campaign", "content_type": 21, "codename": "change_campaign"}}, {"model": "auth.permission", "pk": 83, "fields": {"name": "Can delete campaign", "content_type": 21, "codename": "delete_campaign"}}, {"model": "auth.permission", "pk": 84, "fields": {"name": "Can view campaign", "content_type": 21, "codename": "view_campaign"}}, {"model": "auth.permission", "pk": 85, "fields": {"name": "Can add character", "content_type": 22, "codename": "add_character"}}, {"model": "auth.permission", "pk": 86, "fields": {"name": "Can change character", "content_type": 22, "codename": "change_character"}}, {"model": "auth.permission", "pk": 87, "fields": {"name": "Can delete character", "content_type": 22, "codename": "delete_character"}}, {"model": "auth.permission", "pk": 88, "fields": {"name": "Can view character", "content_type": 22, "codename": "view_character"}}, {"model": "auth.permission", "pk": 89, "fields": {"name": "Can add character type", "content_type": 23, "codename": "add_charactertype"}}, {"model": "auth.permission", "pk": 90, "fields": {"name": "Can change character type", "content_type": 23, "codename": "change_charactertype"}}, {"model": "auth.permission", "pk": 91, "fields": {"name": "Can delete character type", "content_type": 23, "codename": "delete_charactertype"}}, {"model": "auth.permission", "pk": 92, "fields": {"name": "Can view character type", "content_type": 23, "codename": "view_charactertype"}}, {"model": "auth.permission", "pk": 93, "fields": {"name": "Can add modifier", "content_type": 24, "codename": "add_modifier"}}, {"model": "auth.permission", "pk": 94, "fields": {"name": "Can change modifier", "content_type": 24, "codename": "change_modifier"}}, {"model": "auth.permission", "pk": 95, "fields": {"name": "Can delete modifier", "content_type": 24, "codename": "delete_modifier"}}, {"model": "auth.permission", "pk": 96, "fields": {"name": "Can view modifier", "content_type": 24, "codename": "view_modifier"}}, {"model": "auth.permission", "pk": 97, "fields": {"name": "Can add mod package", "content_type": 25, "codename": "add_modpackage"}}, {"model": "auth.permission", "pk": 98, "fields": {"name": "Can change mod package", "content_type": 25, "codename": "change_modpackage"}}, {"model": "auth.permission", "pk": 99, "fields": {"name": "Can delete mod package", "content_type": 25, "codename": "delete_modpackage"}}, {"model": "auth.permission", "pk": 100, "fields": {"name": "Can view mod package", "content_type": 25, "codename": "view_modpackage"}}, {"model": "auth.permission", "pk": 101, "fields": {"name": "Can add race", "content_type": 26, "codename": "add_race"}}, {"model": "auth.permission", "pk": 102, "fields": {"name": "Can change race", "content_type": 26, "codename": "change_race"}}, {"model": "auth.permission", "pk": 103, "fields": {"name": "Can delete race", "content_type": 26, "codename": "delete_race"}}, {"model": "auth.permission", "pk": 104, "fields": {"name": "Can view race", "content_type": 26, "codename": "view_race"}}, {"model": "auth.permission", "pk": 105, "fields": {"name": "Can add rel_advantage", "content_type": 27, "codename": "add_rel_advantage"}}, {"model": "auth.permission", "pk": 106, "fields": {"name": "Can change rel_advantage", "content_type": 27, "codename": "change_rel_advantage"}}, {"model": "auth.permission", "pk": 107, "fields": {"name": "Can delete rel_advantage", "content_type": 27, "codename": "delete_rel_advantage"}}, {"model": "auth.permission", "pk": 108, "fields": {"name": "Can view rel_advantage", "content_type": 27, "codename": "view_rel_advantage"}}, {"model": "auth.permission", "pk": 109, "fields": {"name": "Can add specialmodifier", "content_type": 28, "codename": "add_specialmodifier"}}, {"model": "auth.permission", "pk": 110, "fields": {"name": "Can change specialmodifier", "content_type": 28, "codename": "change_specialmodifier"}}, {"model": "auth.permission", "pk": 111, "fields": {"name": "Can delete specialmodifier", "content_type": 28, "codename": "delete_specialmodifier"}}, {"model": "auth.permission", "pk": 112, "fields": {"name": "Can view specialmodifier", "content_type": 28, "codename": "view_specialmodifier"}}, {"model": "auth.permission", "pk": 113, "fields": {"name": "Can add status", "content_type": 29, "codename": "add_status"}}, {"model": "auth.permission", "pk": 114, "fields": {"name": "Can change status", "content_type": 29, "codename": "change_status"}}, {"model": "auth.permission", "pk": 115, "fields": {"name": "Can delete status", "content_type": 29, "codename": "delete_status"}}, {"model": "auth.permission", "pk": 116, "fields": {"name": "Can view status", "content_type": 29, "codename": "view_status"}}, {"model": "auth.permission", "pk": 117, "fields": {"name": "Can add disadvantage", "content_type": 30, "codename": "add_disadvantage"}}, {"model": "auth.permission", "pk": 118, "fields": {"name": "Can change disadvantage", "content_type": 30, "codename": "change_disadvantage"}}, {"model": "auth.permission", "pk": 119, "fields": {"name": "Can delete disadvantage", "content_type": 30, "codename": "delete_disadvantage"}}, {"model": "auth.permission", "pk": 120, "fields": {"name": "Can view disadvantage", "content_type": 30, "codename": "view_disadvantage"}}, {"model": "auth.permission", "pk": 121, "fields": {"name": "Can add rel_disadvantage", "content_type": 31, "codename": "add_rel_disadvantage"}}, {"model": "auth.permission", "pk": 122, "fields": {"name": "Can change rel_disadvantage", "content_type": 31, "codename": "change_rel_disadvantage"}}, {"model": "auth.permission", "pk": 123, "fields": {"name": "Can delete rel_disadvantage", "content_type": 31, "codename": "delete_rel_disadvantage"}}, {"model": "auth.permission", "pk": 124, "fields": {"name": "Can view rel_disadvantage", "content_type": 31, "codename": "view_rel_disadvantage"}}, {"model": "auth.permission", "pk": 125, "fields": {"name": "Can add rel_skill", "content_type": 32, "codename": "add_rel_skill"}}, {"model": "auth.permission", "pk": 126, "fields": {"name": "Can change rel_skill", "content_type": 32, "codename": "change_rel_skill"}}, {"model": "auth.permission", "pk": 127, "fields": {"name": "Can delete rel_skill", "content_type": 32, "codename": "delete_rel_skill"}}, {"model": "auth.permission", "pk": 128, "fields": {"name": "Can view rel_skill", "content_type": 32, "codename": "view_rel_skill"}}, {"model": "auth.permission", "pk": 129, "fields": {"name": "Can add skill", "content_type": 33, "codename": "add_skill"}}, {"model": "auth.permission", "pk": 130, "fields": {"name": "Can change skill", "content_type": 33, "codename": "change_skill"}}, {"model": "auth.permission", "pk": 131, "fields": {"name": "Can delete skill", "content_type": 33, "codename": "delete_skill"}}, {"model": "auth.permission", "pk": 132, "fields": {"name": "Can view skill", "content_type": 33, "codename": "view_skill"}}, {"model": "auth.permission", "pk": 133, "fields": {"name": "Can add language", "content_type": 34, "codename": "add_language"}}, {"model": "auth.permission", "pk": 134, "fields": {"name": "Can change language", "content_type": 34, "codename": "change_language"}}, {"model": "auth.permission", "pk": 135, "fields": {"name": "Can delete language", "content_type": 34, "codename": "delete_language"}}, {"model": "auth.permission", "pk": 136, "fields": {"name": "Can view language", "content_type": 34, "codename": "view_language"}}, {"model": "auth.permission", "pk": 137, "fields": {"name": "Can add rel_language", "content_type": 35, "codename": "add_rel_language"}}, {"model": "auth.permission", "pk": 138, "fields": {"name": "Can change rel_language", "content_type": 35, "codename": "change_rel_language"}}, {"model": "auth.permission", "pk": 139, "fields": {"name": "Can delete rel_language", "content_type": 35, "codename": "delete_rel_language"}}, {"model": "auth.permission", "pk": 140, "fields": {"name": "Can view rel_language", "content_type": 35, "codename": "view_rel_language"}}, {"model": "auth.permission", "pk": 141, "fields": {"name": "Can add profile", "content_type": 36, "codename": "add_profile"}}, {"model": "auth.permission", "pk": 142, "fields": {"name": "Can change profile", "content_type": 36, "codename": "change_profile"}}, {"model": "auth.permission", "pk": 143, "fields": {"name": "Can delete profile", "content_type": 36, "codename": "delete_profile"}}, {"model": "auth.permission", "pk": 144, "fields": {"name": "Can view profile", "content_type": 36, "codename": "view_profile"}}, {"model": "auth.permission", "pk": 145, "fields": {"name": "Can add submission", "content_type": 37, "codename": "add_submission"}}, {"model": "auth.permission", "pk": 146, "fields": {"name": "Can change submission", "content_type": 37, "codename": "change_submission"}}, {"model": "auth.permission", "pk": 147, "fields": {"name": "Can delete submission", "content_type": 37, "codename": "delete_submission"}}, {"model": "auth.permission", "pk": 148, "fields": {"name": "Can view submission", "content_type": 37, "codename": "view_submission"}}, {"model": "auth.permission", "pk": 149, "fields": {"name": "Can add tag", "content_type": 38, "codename": "add_tag"}}, {"model": "auth.permission", "pk": 150, "fields": {"name": "Can change tag", "content_type": 38, "codename": "change_tag"}}, {"model": "auth.permission", "pk": 151, "fields": {"name": "Can delete tag", "content_type": 38, "codename": "delete_tag"}}, {"model": "auth.permission", "pk": 152, "fields": {"name": "Can view tag", "content_type": 38, "codename": "view_tag"}}, {"model": "auth.permission", "pk": 153, "fields": {"name": "Can add tagged item", "content_type": 39, "codename": "add_taggeditem"}}, {"model": "auth.permission", "pk": 154, "fields": {"name": "Can change tagged item", "content_type": 39, "codename": "change_taggeditem"}}, {"model": "auth.permission", "pk": 155, "fields": {"name": "Can delete tagged item", "content_type": 39, "codename": "delete_taggeditem"}}, {"model": "auth.permission", "pk": 156, "fields": {"name": "Can view tagged item", "content_type": 39, "codename": "view_taggeditem"}}, {"model": "auth.permission", "pk": 157, "fields": {"name": "Can add Tag", "content_type": 40, "codename": "add_tag"}}, {"model": "auth.permission", "pk": 158, "fields": {"name": "Can change Tag", "content_type": 40, "codename": "change_tag"}}, {"model": "auth.permission", "pk": 159, "fields": {"name": "Can delete Tag", "content_type": 40, "codename": "delete_tag"}}, {"model": "auth.permission", "pk": 160, "fields": {"name": "Can view Tag", "content_type": 40, "codename": "view_tag"}}, {"model": "auth.permission", "pk": 161, "fields": {"name": "Can add Tagged Item", "content_type": 41, "codename": "add_taggeditem"}}, {"model": "auth.permission", "pk": 162, "fields": {"name": "Can change Tagged Item", "content_type": 41, "codename": "change_taggeditem"}}, {"model": "auth.permission", "pk": 163, "fields": {"name": "Can delete Tagged Item", "content_type": 41, "codename": "delete_taggeditem"}}, {"model": "auth.permission", "pk": 164, "fields": {"name": "Can view Tagged Item", "content_type": 41, "codename": "view_taggeditem"}}, {"model": "auth.permission", "pk": 165, "fields": {"name": "Can add rb_item", "content_type": 42, "codename": "add_rb_item"}}, {"model": "auth.permission", "pk": 166, "fields": {"name": "Can change rb_item", "content_type": 42, "codename": "change_rb_item"}}, {"model": "auth.permission", "pk": 167, "fields": {"name": "Can delete rb_item", "content_type": 42, "codename": "delete_rb_item"}}, {"model": "auth.permission", "pk": 168, "fields": {"name": "Can view rb_item", "content_type": 42, "codename": "view_rb_item"}}, {"model": "auth.permission", "pk": 169, "fields": {"name": "Can add possession", "content_type": 43, "codename": "add_possession"}}, {"model": "auth.permission", "pk": 170, "fields": {"name": "Can change possession", "content_type": 43, "codename": "change_possession"}}, {"model": "auth.permission", "pk": 171, "fields": {"name": "Can delete possession", "content_type": 43, "codename": "delete_possession"}}, {"model": "auth.permission", "pk": 172, "fields": {"name": "Can view possession", "content_type": 43, "codename": "view_possession"}}, {"model": "auth.permission", "pk": 173, "fields": {"name": "Can add rel_possession", "content_type": 44, "codename": "add_rel_possession"}}, {"model": "auth.permission", "pk": 174, "fields": {"name": "Can change rel_possession", "content_type": 44, "codename": "change_rel_possession"}}, {"model": "auth.permission", "pk": 175, "fields": {"name": "Can delete rel_possession", "content_type": 44, "codename": "delete_rel_possession"}}, {"model": "auth.permission", "pk": 176, "fields": {"name": "Can view rel_possession", "content_type": 44, "codename": "view_rel_possession"}}, {"model": "auth.group", "pk": 1, "fields": {"name": "UNSW_TEACHER", "permissions": []}}, {"model": "auth.user", "pk": 1, "fields": {"password": "pbkdf2_sha256$120000$ANZHP5qEaEXg$vlXYkJSL/ciRBnlXrPUPLZMulibiz2qi0RwEuk2aK5M=", "last_login": "2018-11-11T09:05:02.632Z", "is_superuser": true, "username": "sephbin", "first_name": "Andrew", "last_name": "Butler", "email": "sephbin@gmail.com", "is_staff": true, "is_active": true, "date_joined": "2018-09-15T07:21:49Z", "groups": [1], "user_permissions": []}}, {"model": "sessions.session", "pk": "bj4fes293mymxjuw1d1tp2r55axavg9v", "fields": {"session_data": "ZDM0NjljZWIwZTNmZWY5ZWRmNDA3ZTcyMzFkMzUzMzYzOTMxYmQ4Yzp7Il9hdXRoX3VzZXJfaWQiOiIxIiwiX2F1dGhfdXNlcl9iYWNrZW5kIjoiZGphbmdvLmNvbnRyaWIuYXV0aC5iYWNrZW5kcy5Nb2RlbEJhY2tlbmQiLCJfYXV0aF91c2VyX2hhc2giOiI3NmIzOWZmNzhiNmEwZmFjMjE3YjEyODcwNzY1N2ZkMGI3NzliMWU0In0=", "expire_date": "2018-11-25T09:05:02.662Z"}}, {"model": "sessions.session", "pk": "l77qqdqq27jda8xwblcvb6847aaf2tdn", "fields": {"session_data": "ZDM0NjljZWIwZTNmZWY5ZWRmNDA3ZTcyMzFkMzUzMzYzOTMxYmQ4Yzp7Il9hdXRoX3VzZXJfaWQiOiIxIiwiX2F1dGhfdXNlcl9iYWNrZW5kIjoiZGphbmdvLmNvbnRyaWIuYXV0aC5iYWNrZW5kcy5Nb2RlbEJhY2tlbmQiLCJfYXV0aF91c2VyX2hhc2giOiI3NmIzOWZmNzhiNmEwZmFjMjE3YjEyODcwNzY1N2ZkMGI3NzliMWU0In0=", "expire_date": "2018-09-29T07:22:35.834Z"}}, {"model": "sessions.session", "pk": "qajp86vpg6b355446r8mnie2q1gydfns", "fields": {"session_data": "ZDM0NjljZWIwZTNmZWY5ZWRmNDA3ZTcyMzFkMzUzMzYzOTMxYmQ4Yzp7Il9hdXRoX3VzZXJfaWQiOiIxIiwiX2F1dGhfdXNlcl9iYWNrZW5kIjoiZGphbmdvLmNvbnRyaWIuYXV0aC5iYWNrZW5kcy5Nb2RlbEJhY2tlbmQiLCJfYXV0aF91c2VyX2hhc2giOiI3NmIzOWZmNzhiNmEwZmFjMjE3YjEyODcwNzY1N2ZkMGI3NzliMWU0In0=", "expire_date": "2018-10-14T09:16:14.755Z"}}, {"model": "scrpgtest.campaign", "pk": 1, "fields": {"name": "Red Hot Mob"}}, {"model": "scrpgtest.charactertype", "pk": 1, "fields": {"type": "NPC"}}, {"model": "scrpgtest.charactertype", "pk": 2, "fields": {"type": "PC"}}, {"model": "scrpgtest.race", "pk": 1, "fields": {"race": "Human"}}, {"model": "scrpgtest.status", "pk": 1, "fields": {"status": "Alive"}}, {"model": "scrpgtest.advantage", "pk": 1, "fields": {"name": "Fit", "basecost": 5, "type": "P", "sources": null, "description": "-", "speciallimitations": null, "effect": ""}}, {"model": "scrpgtest.advantage", "pk": 2, "fields": {"name": "No Sleep", "basecost": 10, "type": "P", "sources": "E", "description": "-", "speciallimitations": null, "effect": ""}}, {"model": "scrpgtest.advantage", "pk": 3, "fields": {"name": "Luck", "basecost": 15, "type": null, "sources": null, "description": "-", "speciallimitations": null, "effect": ""}}, {"model": "scrpgtest.advantage", "pk": 4, "fields": {"name": "Musical Ability", "basecost": 10, "type": null, "sources": null, "description": "-", "speciallimitations": null, "effect": ""}}, {"model": "scrpgtest.advantage", "pk": 5, "fields": {"name": "Smooth Operator", "basecost": 15, "type": null, "sources": null, "description": "-", "speciallimitations": null, "effect": ""}}, {"model": "scrpgtest.advantage", "pk": 6, "fields": {"name": "Status", "basecost": 5, "type": null, "sources": null, "description": "-", "speciallimitations": null, "effect": ""}}, {"model": "scrpgtest.advantage", "pk": 7, "fields": {"name": "Super Luck", "basecost": 100, "type": null, "sources": null, "description": "-", "speciallimitations": null, "effect": ""}}, {"model": "scrpgtest.advantage", "pk": 8, "fields": {"name": "Visualization", "basecost": 10, "type": null, "sources": null, "description": "-", "speciallimitations": null, "effect": ""}}, {"model": "scrpgtest.advantage", "pk": 9, "fields": {"name": "Acute Hearing", "basecost": 2, "type": null, "sources": null, "description": "Acute Hearing", "speciallimitations": null, "effect": ""}}, {"model": "scrpgtest.advantage", "pk": 10, "fields": {"name": "Attractive", "basecost": 12, "type": null, "sources": null, "description": "Attractive", "speciallimitations": null, "effect": ""}}, {"model": "scrpgtest.advantage", "pk": 11, "fields": {"name": "Charisma", "basecost": 5, "type": null, "sources": null, "description": "Charisma", "speciallimitations": null, "effect": ""}}, {"model": "scrpgtest.advantage", "pk": 12, "fields": {"name": "Contacts", "basecost": 12, "type": null, "sources": null, "description": "Comtacts", "speciallimitations": null, "effect": ""}}, {"model": "scrpgtest.advantage", "pk": 13, "fields": {"name": "Fashion Sense", "basecost": 5, "type": null, "sources": null, "description": "Fashion Sense", "speciallimitations": null, "effect": ""}}, {"model": "scrpgtest.advantage", "pk": 14, "fields": {"name": "Social Regard", "basecost": 5, "type": null, "sources": null, "description": "Social Regard", "speciallimitations": null, "effect": ""}}, {"model": "scrpgtest.advantage", "pk": 15, "fields": {"name": "Voice", "basecost": 5, "type": null, "sources": null, "description": "Voice", "speciallimitations": null, "effect": ""}}, {"model": "scrpgtest.advantage", "pk": 16, "fields": {"name": "Affliction", "basecost": 10, "type": null, "sources": null, "description": "Affliction", "speciallimitations": null, "effect": ""}}, {"model": "scrpgtest.advantage", "pk": 17, "fields": {"name": "Combat Reflexes", "basecost": 15, "type": null, "sources": null, "description": "Combat Reflexes", "speciallimitations": null, "effect": ""}}, {"model": "scrpgtest.advantage", "pk": 18, "fields": {"name": "Terror* -2", "basecost": 50, "type": null, "sources": null, "description": "Terror", "speciallimitations": null, "effect": ""}}, {"model": "scrpgtest.advantage", "pk": 19, "fields": {"name": "Fearlessness", "basecost": 2, "type": null, "sources": null, "description": "Fearlessness", "speciallimitations": null, "effect": ""}}, {"model": "scrpgtest.advantage", "pk": 20, "fields": {"name": "Single-Minded", "basecost": 5, "type": null, "sources": null, "description": "Single-Minded", "speciallimitations": null, "effect": ""}}, {"model": "scrpgtest.advantage", "pk": 21, "fields": {"name": "Channeling", "basecost": 10, "type": null, "sources": null, "description": "-", "speciallimitations": null, "effect": ""}}, {"model": "scrpgtest.advantage", "pk": 22, "fields": {"name": "Medium", "basecost": 10, "type": null, "sources": null, "description": "-", "speciallimitations": null, "effect": ""}}, {"model": "scrpgtest.advantage", "pk": 23, "fields": {"name": "Autotrance", "basecost": 1, "type": null, "sources": null, "description": "-", "speciallimitations": null, "effect": ""}}, {"model": "scrpgtest.advantage", "pk": 24, "fields": {"name": "Claim to Hospitality", "basecost": 5, "type": null, "sources": null, "description": "-", "speciallimitations": null, "effect": ""}}, {"model": "scrpgtest.advantage", "pk": 25, "fields": {"name": "Sensitive Empathy", "basecost": 5, "type": null, "sources": null, "description": "-", "speciallimitations": null, "effect": ""}}, {"model": "scrpgtest.disadvantage", "pk": 1, "fields": {"name": "Stubbourn", "basecost": -10, "type": null, "sources": null, "description": "-", "speciallimitations": null}}, {"model": "scrpgtest.disadvantage", "pk": 2, "fields": {"name": "Alcoholism (RHM)", "basecost": -20, "type": null, "sources": null, "description": "Alcoholism", "speciallimitations": null}}, {"model": "scrpgtest.disadvantage", "pk": 3, "fields": {"name": "Compulsive Carousing", "basecost": -10, "type": null, "sources": null, "description": "Compulsive Carousing", "speciallimitations": null}}, {"model": "scrpgtest.disadvantage", "pk": 4, "fields": {"name": "Compulsive Gambling", "basecost": -5, "type": null, "sources": null, "description": "Compulsive Gambling", "speciallimitations": null}}, {"model": "scrpgtest.disadvantage", "pk": 5, "fields": {"name": "Curious", "basecost": -5, "type": null, "sources": null, "description": "Curious", "speciallimitations": null}}, {"model": "scrpgtest.disadvantage", "pk": 6, "fields": {"name": "Pacifism", "basecost": -5, "type": null, "sources": null, "description": "Pacifism", "speciallimitations": null}}, {"model": "scrpgtest.disadvantage", "pk": 7, "fields": {"name": "Secret", "basecost": -5, "type": null, "sources": null, "description": "Secret", "speciallimitations": null}}, {"model": "scrpgtest.disadvantage", "pk": 8, "fields": {"name": "Nightmares", "basecost": -5, "type": null, "sources": null, "description": "Nightmares", "speciallimitations": null}}, {"model": "scrpgtest.disadvantage", "pk": 9, "fields": {"name": "Insomniac", "basecost": -10, "type": null, "sources": null, "description": "Insomniac", "speciallimitations": null}}, {"model": "scrpgtest.disadvantage", "pk": 10, "fields": {"name": "Overconfidence", "basecost": -5, "type": null, "sources": null, "description": "Overconfidence", "speciallimitations": null}}, {"model": "scrpgtest.disadvantage", "pk": 11, "fields": {"name": "Addiction (Amphetamines)", "basecost": -10, "type": null, "sources": null, "description": "Addiction (Amphetamines)", "speciallimitations": null}}, {"model": "scrpgtest.disadvantage", "pk": 12, "fields": {"name": "Charitable", "basecost": -15, "type": null, "sources": null, "description": "-", "speciallimitations": null}}, {"model": "scrpgtest.disadvantage", "pk": 13, "fields": {"name": "Unnatural Features", "basecost": -2, "type": null, "sources": null, "description": "-", "speciallimitations": null}}, {"model": "scrpgtest.disadvantage", "pk": 14, "fields": {"name": "Fanaticism", "basecost": -15, "type": null, "sources": null, "description": "-", "speciallimitations": null}}, {"model": "scrpgtest.disadvantage", "pk": 15, "fields": {"name": "Guilt Complex", "basecost": -5, "type": null, "sources": null, "description": "-", "speciallimitations": null}}, {"model": "scrpgtest.disadvantage", "pk": 16, "fields": {"name": "Lecherousness", "basecost": -15, "type": null, "sources": null, "description": "-", "speciallimitations": null}}, {"model": "scrpgtest.disadvantage", "pk": 17, "fields": {"name": "Pacifism", "basecost": -5, "type": null, "sources": null, "description": "-", "speciallimitations": null}}, {"model": "scrpgtest.disadvantage", "pk": 18, "fields": {"name": "Secret", "basecost": -5, "type": null, "sources": null, "description": "-", "speciallimitations": null}}, {"model": "scrpgtest.disadvantage", "pk": 19, "fields": {"name": "Enemy (Local law-enforcement agency; Watcher; 9 or less)", "basecost": -10, "type": null, "sources": null, "description": "-", "speciallimitations": null}}, {"model": "scrpgtest.disadvantage", "pk": 20, "fields": {"name": "Callous", "basecost": -5, "type": null, "sources": null, "description": "-", "speciallimitations": null}}, {"model": "scrpgtest.disadvantage", "pk": 21, "fields": {"name": "Compulsive Lying", "basecost": -15, "type": null, "sources": null, "description": "-", "speciallimitations": null}}, {"model": "scrpgtest.disadvantage", "pk": 22, "fields": {"name": "Megalomania", "basecost": -10, "type": null, "sources": null, "description": "-", "speciallimitations": null}}, {"model": "scrpgtest.skill", "pk": 1, "fields": {"skill_name": "Knife", "skill_challenge": "E", "skill_attribute": "dx", "skill_description": "", "skill_defaults": null}}, {"model": "scrpgtest.skill", "pk": 2, "fields": {"skill_name": "Streetwise", "skill_challenge": "A", "skill_attribute": "iq", "skill_description": "", "skill_defaults": null}}, {"model": "scrpgtest.skill", "pk": 3, "fields": {"skill_name": "Fast-Talk", "skill_challenge": "A", "skill_attribute": "iq", "skill_description": "", "skill_defaults": null}}, {"model": "scrpgtest.skill", "pk": 4, "fields": {"skill_name": "Holdout", "skill_challenge": "A", "skill_attribute": "iq", "skill_description": "", "skill_defaults": null}}, {"model": "scrpgtest.skill", "pk": 5, "fields": {"skill_name": "Merchant", "skill_challenge": "A", "skill_attribute": "iq", "skill_description": "", "skill_defaults": null}}, {"model": "scrpgtest.skill", "pk": 6, "fields": {"skill_name": "Disguise", "skill_challenge": "A", "skill_attribute": "iq", "skill_description": "", "skill_defaults": null}}, {"model": "scrpgtest.skill", "pk": 7, "fields": {"skill_name": "Smuggling", "skill_challenge": "A", "skill_attribute": "iq", "skill_description": "", "skill_defaults": null}}, {"model": "scrpgtest.skill", "pk": 8, "fields": {"skill_name": "Area Knowledge (Home Turf)", "skill_challenge": "E", "skill_attribute": "iq", "skill_description": "", "skill_defaults": null}}, {"model": "scrpgtest.skill", "pk": 9, "fields": {"skill_name": "Guns (Pistol)", "skill_challenge": "E", "skill_attribute": "dx", "skill_description": "", "skill_defaults": null}}, {"model": "scrpgtest.skill", "pk": 10, "fields": {"skill_name": "Fast-Draw (Pistol)", "skill_challenge": "E", "skill_attribute": "dx", "skill_description": "", "skill_defaults": null}}, {"model": "scrpgtest.skill", "pk": 11, "fields": {"skill_name": "Driving", "skill_challenge": "A", "skill_attribute": "dx", "skill_description": "", "skill_defaults": null}}, {"model": "scrpgtest.skill", "pk": 12, "fields": {"skill_name": "Savoir-Faire", "skill_challenge": "E", "skill_attribute": "iq", "skill_description": "", "skill_defaults": null}}, {"model": "scrpgtest.skill", "pk": 13, "fields": {"skill_name": "Autohypnosis", "skill_challenge": "H", "skill_attribute": "will", "skill_description": "Autohypnosis", "skill_defaults": ""}}, {"model": "scrpgtest.skill", "pk": 14, "fields": {"skill_name": "Boating", "skill_challenge": "A", "skill_attribute": "dx", "skill_description": "Boating", "skill_defaults": ""}}, {"model": "scrpgtest.skill", "pk": 15, "fields": {"skill_name": "Carousing", "skill_challenge": "E", "skill_attribute": "ht", "skill_description": "Carousing", "skill_defaults": ""}}, {"model": "scrpgtest.skill", "pk": 16, "fields": {"skill_name": "Current Affairs", "skill_challenge": "E", "skill_attribute": "iq", "skill_description": "Current Affairs", "skill_defaults": ""}}, {"model": "scrpgtest.skill", "pk": 17, "fields": {"skill_name": "Musical Influence", "skill_challenge": "VH", "skill_attribute": "iq", "skill_description": "Musical Influence", "skill_defaults": ""}}, {"model": "scrpgtest.skill", "pk": 18, "fields": {"skill_name": "Singing", "skill_challenge": "E", "skill_attribute": "ht", "skill_description": "Singing", "skill_defaults": ""}}, {"model": "scrpgtest.skill", "pk": 19, "fields": {"skill_name": "Performance", "skill_challenge": "A", "skill_attribute": "iq", "skill_description": "Performance", "skill_defaults": ""}}, {"model": "scrpgtest.skill", "pk": 20, "fields": {"skill_name": "Dancing", "skill_challenge": "A", "skill_attribute": "dx", "skill_description": "Dancing", "skill_defaults": ""}}, {"model": "scrpgtest.skill", "pk": 21, "fields": {"skill_name": "Gambling", "skill_challenge": "A", "skill_attribute": "iq", "skill_description": "Gambling", "skill_defaults": ""}}, {"model": "scrpgtest.skill", "pk": 22, "fields": {"skill_name": "Makeup", "skill_challenge": "E", "skill_attribute": "iq", "skill_description": "Makeup", "skill_defaults": ""}}, {"model": "scrpgtest.skill", "pk": 23, "fields": {"skill_name": "Sex Appeal", "skill_challenge": "A", "skill_attribute": "ht", "skill_description": "", "skill_defaults": ""}}, {"model": "scrpgtest.skill", "pk": 24, "fields": {"skill_name": "Erotic Art", "skill_challenge": "A", "skill_attribute": "dx", "skill_description": "", "skill_defaults": ""}}, {"model": "scrpgtest.skill", "pk": 25, "fields": {"skill_name": "Detect Lies", "skill_challenge": "H", "skill_attribute": "per", "skill_description": "", "skill_defaults": ""}}, {"model": "scrpgtest.skill", "pk": 26, "fields": {"skill_name": "Shadowing", "skill_challenge": "A", "skill_attribute": "iq", "skill_description": "", "skill_defaults": ""}}, {"model": "scrpgtest.skill", "pk": 27, "fields": {"skill_name": "Lockpicking", "skill_challenge": "A", "skill_attribute": "iq", "skill_description": "", "skill_defaults": ""}}, {"model": "scrpgtest.skill", "pk": 28, "fields": {"skill_name": "Interrogation", "skill_challenge": "A", "skill_attribute": "iq", "skill_description": "", "skill_defaults": ""}}, {"model": "scrpgtest.skill", "pk": 29, "fields": {"skill_name": "Stealth", "skill_challenge": "A", "skill_attribute": "dx", "skill_description": "", "skill_defaults": ""}}, {"model": "scrpgtest.skill", "pk": 30, "fields": {"skill_name": "Brawling", "skill_challenge": "E", "skill_attribute": "dx", "skill_description": "", "skill_defaults": ""}}, {"model": "scrpgtest.skill", "pk": 31, "fields": {"skill_name": "Acting", "skill_challenge": "A", "skill_attribute": "iq", "skill_description": "", "skill_defaults": ""}}, {"model": "scrpgtest.skill", "pk": 32, "fields": {"skill_name": "Observation", "skill_challenge": "A", "skill_attribute": "per", "skill_description": "", "skill_defaults": ""}}, {"model": "scrpgtest.skill", "pk": 33, "fields": {"skill_name": "Diplomacy", "skill_challenge": "H", "skill_attribute": "iq", "skill_description": "", "skill_defaults": ""}}, {"model": "scrpgtest.skill", "pk": 34, "fields": {"skill_name": "First Aid", "skill_challenge": "E", "skill_attribute": "iq", "skill_description": "", "skill_defaults": ""}}, {"model": "scrpgtest.possession", "pk": 1, "fields": {"possession_name": "Large Knife", "possession_description": "", "possession_weight": 1, "possession_cost": 1, "meleeStatsText": "[{\"damage\": \"sw-2 cut\", \"parry\": \"-1\", \"reach\": \"C,1\", \"skill\": \"Knife\"}, {\"damage\": \"thr imp\", \"parry\": \"-1\", \"reach\": \"C\", \"skill\": \"Knife\"} ]", "rangeStatsText": "[{\"damage\": \"thr imp\", \"range\": \"x0.8/x1.5\", \"skill\":\"Knife\"} ]", "armourStatsText": ""}}, {"model": "scrpgtest.possession", "pk": 2, "fields": {"possession_name": "S&W .22 LadySmith", "possession_description": "", "possession_weight": 1, "possession_cost": 400, "meleeStatsText": "", "rangeStatsText": "[{\"rcl\": \"2\", \"strength\": \"7\", \"notes\": \"\", \"damage\": \"1d pi-\", \"rateOfFire\": \"3\", \"bulk\": \"-1\", \"range\": \"50/850\", \"shots\": \"7(2i)\", \"skill\": \"Guns (Pistol)\", \"accuracy\": \"1\"} ]", "armourStatsText": ""}}, {"model": "scrpgtest.possession", "pk": 3, "fields": {"possession_name": "Cigarette Lighter", "possession_description": "", "possession_weight": 0, "possession_cost": 10, "meleeStatsText": "", "rangeStatsText": "", "armourStatsText": ""}}, {"model": "scrpgtest.language", "pk": 1, "fields": {"language_name": "French"}}, {"model": "scrpgtest.language", "pk": 2, "fields": {"language_name": "English"}}, {"model": "scrpgtest.character", "pk": 1, "fields": {"campaign": 1, "characterType": 1, "firstname": "Monsieur", "lastname": "Petit-pois", "race": 1, "occupation": "Hotelier", "status": 1, "attributesText": "{}", "drText": "{}", "reactions": "{}", "connection": null, "notes": null, "st": 10, "dx": 10, "iq": 12, "ht": 10, "hp": 10, "will": 12, "per": 12, "fp": 10, "sm": 1, "bs": 5.0, "bm": 5}}, {"model": "scrpgtest.character", "pk": 2, "fields": {"campaign": 1, "characterType": 2, "firstname": "Esther", "lastname": "Fayette", "race": 1, "occupation": "Hostess", "status": 1, "attributesText": "{}", "drText": "{}", "reactions": "{}", "connection": null, "notes": null, "st": 11, "dx": 11, "iq": 11, "ht": 10, "hp": 10, "will": 10, "per": 10, "fp": 10, "sm": 1, "bs": 5.0, "bm": 5}}, {"model": "scrpgtest.character", "pk": 3, "fields": {"campaign": 1, "characterType": 2, "firstname": "Rosa", "lastname": "Laveau", "race": 1, "occupation": "Jazz Singer", "status": 1, "attributesText": "-", "drText": "-", "reactions": "-", "connection": null, "notes": null, "st": 8, "dx": 11, "iq": 11, "ht": 10, "hp": 16, "will": 12, "per": 12, "fp": 14, "sm": 0, "bs": 5.0, "bm": 5}}, {"model": "scrpgtest.character", "pk": 4, "fields": {"campaign": 1, "characterType": 2, "firstname": "Vincent", "lastname": "Amant", "race": 1, "occupation": "Barman", "status": 1, "attributesText": "-", "drText": "-", "reactions": "-", "connection": null, "notes": null, "st": 10, "dx": 10, "iq": 12, "ht": 12, "hp": 10, "will": 10, "per": 10, "fp": 10, "sm": 1, "bs": 5.0, "bm": 5}}, {"model": "scrpgtest.modpackage", "pk": 1, "fields": {}}, {"model": "scrpgtest.modpackage", "pk": 2, "fields": {}}, {"model": "scrpgtest.modpackage", "pk": 3, "fields": {}}, {"model": "scrpgtest.modpackage", "pk": 4, "fields": {}}, {"model": "scrpgtest.modpackage", "pk": 5, "fields": {}}, {"model": "scrpgtest.modpackage", "pk": 6, "fields": {}}, {"model": "scrpgtest.modifier", "pk": 1, "fields": {"modPackage": 1, "name": "Test", "description": "Test", "modifier": 10}}, {"model": "scrpgtest.modifier", "pk": 2, "fields": {"modPackage": 1, "name": "Second", "description": "-", "modifier": 10}}, {"model": "scrpgtest.modifier", "pk": 3, "fields": {"modPackage": 2, "name": "Mod 2", "description": "A  Mod 2", "modifier": 100}}, {"model": "scrpgtest.modifier", "pk": 4, "fields": {"modPackage": 3, "name": "PM Super", "description": "-", "modifier": -10}}, {"model": "scrpgtest.modifier", "pk": 5, "fields": {"modPackage": 3, "name": "Requires IQ Roll", "description": "-", "modifier": -10}}, {"model": "scrpgtest.modifier", "pk": 6, "fields": {"modPackage": 4, "name": "PM Super", "description": "-", "modifier": -10}}, {"model": "scrpgtest.modifier", "pk": 7, "fields": {"modPackage": 5, "name": "Heart Attack", "description": "Heart Attack", "modifier": 300}}, {"model": "scrpgtest.modifier", "pk": 8, "fields": {"modPackage": 5, "name": "PM Psionic", "description": "Power Modifier Psionic", "modifier": -10}}, {"model": "scrpgtest.modifier", "pk": 9, "fields": {"modPackage": 6, "name": "Defensive", "description": "You can only use your Luck to reroll failed active defense rolls, resistance rolls, or HT rolls to resist the effects of", "modifier": -20}}, {"model": "scrpgtest.rel_advantage", "pk": 1, "fields": {"character": 1, "advantage": 1, "modifiers": 1, "rank": null}}, {"model": "scrpgtest.rel_advantage", "pk": 2, "fields": {"character": 1, "advantage": 2, "modifiers": null, "rank": null}}, {"model": "scrpgtest.rel_advantage", "pk": 3, "fields": {"character": 2, "advantage": 3, "modifiers": null, "rank": null}}, {"model": "scrpgtest.rel_advantage", "pk": 4, "fields": {"character": 2, "advantage": 4, "modifiers": null, "rank": 1}}, {"model": "scrpgtest.rel_advantage", "pk": 5, "fields": {"character": 2, "advantage": 5, "modifiers": null, "rank": 1}}, {"model": "scrpgtest.rel_advantage", "pk": 6, "fields": {"character": 2, "advantage": 6, "modifiers": null, "rank": 2}}, {"model": "scrpgtest.rel_advantage", "pk": 7, "fields": {"character": 2, "advantage": 7, "modifiers": 3, "rank": null}}, {"model": "scrpgtest.rel_advantage", "pk": 8, "fields": {"character": 2, "advantage": 8, "modifiers": 4, "rank": null}}, {"model": "scrpgtest.rel_advantage", "pk": 9, "fields": {"character": 3, "advantage": 9, "modifiers": null, "rank": 1}}, {"model": "scrpgtest.rel_advantage", "pk": 10, "fields": {"character": 3, "advantage": 10, "modifiers": null, "rank": null}}, {"model": "scrpgtest.rel_advantage", "pk": 11, "fields": {"character": 3, "advantage": 11, "modifiers": null, "rank": 1}}, {"model": "scrpgtest.rel_advantage", "pk": 12, "fields": {"character": 3, "advantage": 12, "modifiers": null, "rank": null}}, {"model": "scrpgtest.rel_advantage", "pk": 13, "fields": {"character": 3, "advantage": 13, "modifiers": null, "rank": null}}, {"model": "scrpgtest.rel_advantage", "pk": 14, "fields": {"character": 3, "advantage": 4, "modifiers": null, "rank": 1}}, {"model": "scrpgtest.rel_advantage", "pk": 15, "fields": {"character": 3, "advantage": 14, "modifiers": null, "rank": null}}, {"model": "scrpgtest.rel_advantage", "pk": 16, "fields": {"character": 3, "advantage": 15, "modifiers": null, "rank": 2}}, {"model": "scrpgtest.rel_advantage", "pk": 17, "fields": {"character": 4, "advantage": 16, "modifiers": 5, "rank": 1}}, {"model": "scrpgtest.rel_advantage", "pk": 18, "fields": {"character": 4, "advantage": 17, "modifiers": null, "rank": null}}, {"model": "scrpgtest.rel_advantage", "pk": 19, "fields": {"character": 4, "advantage": 12, "modifiers": null, "rank": null}}, {"model": "scrpgtest.rel_advantage", "pk": 20, "fields": {"character": 4, "advantage": 12, "modifiers": null, "rank": null}}, {"model": "scrpgtest.rel_advantage", "pk": 21, "fields": {"character": 4, "advantage": 18, "modifiers": null, "rank": null}}, {"model": "scrpgtest.rel_advantage", "pk": 22, "fields": {"character": 4, "advantage": 19, "modifiers": null, "rank": 3}}, {"model": "scrpgtest.rel_advantage", "pk": 23, "fields": {"character": 4, "advantage": 20, "modifiers": null, "rank": null}}, {"model": "scrpgtest.rel_advantage", "pk": 24, "fields": {"character": 3, "advantage": 16, "modifiers": null, "rank": 1}}, {"model": "scrpgtest.rel_advantage", "pk": 25, "fields": {"character": 3, "advantage": 21, "modifiers": null, "rank": null}}, {"model": "scrpgtest.rel_advantage", "pk": 26, "fields": {"character": 3, "advantage": 22, "modifiers": null, "rank": null}}, {"model": "scrpgtest.rel_advantage", "pk": 27, "fields": {"character": 3, "advantage": 23, "modifiers": null, "rank": null}}, {"model": "scrpgtest.rel_advantage", "pk": 28, "fields": {"character": 3, "advantage": 24, "modifiers": null, "rank": null}}, {"model": "scrpgtest.rel_advantage", "pk": 29, "fields": {"character": 3, "advantage": 25, "modifiers": null, "rank": null}}, {"model": "scrpgtest.rel_advantage", "pk": 30, "fields": {"character": 3, "advantage": 3, "modifiers": 6, "rank": null}}, {"model": "scrpgtest.rel_disadvantage", "pk": 1, "fields": {"character": 1, "disadvantage": 1, "modifiers": 2, "rank": null}}, {"model": "scrpgtest.rel_disadvantage", "pk": 2, "fields": {"character": 3, "disadvantage": 2, "modifiers": null, "rank": null}}, {"model": "scrpgtest.rel_disadvantage", "pk": 3, "fields": {"character": 3, "disadvantage": 3, "modifiers": null, "rank": null}}, {"model": "scrpgtest.rel_disadvantage", "pk": 4, "fields": {"character": 3, "disadvantage": 4, "modifiers": null, "rank": null}}, {"model": "scrpgtest.rel_disadvantage", "pk": 5, "fields": {"character": 3, "disadvantage": 5, "modifiers": null, "rank": null}}, {"model": "scrpgtest.rel_disadvantage", "pk": 6, "fields": {"character": 3, "disadvantage": 6, "modifiers": null, "rank": null}}, {"model": "scrpgtest.rel_disadvantage", "pk": 7, "fields": {"character": 3, "disadvantage": 7, "modifiers": null, "rank": null}}, {"model": "scrpgtest.rel_disadvantage", "pk": 8, "fields": {"character": 4, "disadvantage": 8, "modifiers": null, "rank": null}}, {"model": "scrpgtest.rel_disadvantage", "pk": 9, "fields": {"character": 4, "disadvantage": 9, "modifiers": null, "rank": null}}, {"model": "scrpgtest.rel_disadvantage", "pk": 10, "fields": {"character": 4, "disadvantage": 10, "modifiers": null, "rank": null}}, {"model": "scrpgtest.rel_disadvantage", "pk": 11, "fields": {"character": 4, "disadvantage": 11, "modifiers": null, "rank": null}}, {"model": "scrpgtest.rel_disadvantage", "pk": 12, "fields": {"character": 4, "disadvantage": 5, "modifiers": null, "rank": null}}, {"model": "scrpgtest.rel_disadvantage", "pk": 13, "fields": {"character": 3, "disadvantage": 12, "modifiers": null, "rank": null}}, {"model": "scrpgtest.rel_disadvantage", "pk": 14, "fields": {"character": 3, "disadvantage": 13, "modifiers": null, "rank": null}}, {"model": "scrpgtest.rel_disadvantage", "pk": 15, "fields": {"character": 3, "disadvantage": 14, "modifiers": null, "rank": null}}, {"model": "scrpgtest.rel_disadvantage", "pk": 16, "fields": {"character": 3, "disadvantage": 15, "modifiers": null, "rank": null}}, {"model": "scrpgtest.rel_disadvantage", "pk": 17, "fields": {"character": 3, "disadvantage": 16, "modifiers": null, "rank": null}}, {"model": "scrpgtest.rel_disadvantage", "pk": 18, "fields": {"character": 3, "disadvantage": 17, "modifiers": null, "rank": null}}, {"model": "scrpgtest.rel_disadvantage", "pk": 19, "fields": {"character": 3, "disadvantage": 18, "modifiers": null, "rank": null}}, {"model": "scrpgtest.rel_disadvantage", "pk": 20, "fields": {"character": 2, "disadvantage": 19, "modifiers": null, "rank": null}}, {"model": "scrpgtest.rel_disadvantage", "pk": 21, "fields": {"character": 2, "disadvantage": 20, "modifiers": null, "rank": null}}, {"model": "scrpgtest.rel_disadvantage", "pk": 22, "fields": {"character": 2, "disadvantage": 21, "modifiers": null, "rank": null}}, {"model": "scrpgtest.rel_disadvantage", "pk": 23, "fields": {"character": 2, "disadvantage": 16, "modifiers": null, "rank": null}}, {"model": "scrpgtest.rel_disadvantage", "pk": 24, "fields": {"character": 2, "disadvantage": 22, "modifiers": null, "rank": null}}, {"model": "scrpgtest.rel_skill", "pk": 1, "fields": {"character": 1, "skill": 1, "rank": 1}}, {"model": "scrpgtest.rel_skill", "pk": 2, "fields": {"character": 2, "skill": 2, "rank": 4}}, {"model": "scrpgtest.rel_skill", "pk": 3, "fields": {"character": 2, "skill": 3, "rank": 4}}, {"model": "scrpgtest.rel_skill", "pk": 4, "fields": {"character": 2, "skill": 4, "rank": 4}}, {"model": "scrpgtest.rel_skill", "pk": 5, "fields": {"character": 2, "skill": 5, "rank": 4}}, {"model": "scrpgtest.rel_skill", "pk": 6, "fields": {"character": 2, "skill": 6, "rank": 3}}, {"model": "scrpgtest.rel_skill", "pk": 7, "fields": {"character": 2, "skill": 7, "rank": 4}}, {"model": "scrpgtest.rel_skill", "pk": 8, "fields": {"character": 2, "skill": 8, "rank": 2}}, {"model": "scrpgtest.rel_skill", "pk": 9, "fields": {"character": 2, "skill": 9, "rank": 3}}, {"model": "scrpgtest.rel_skill", "pk": 10, "fields": {"character": 2, "skill": 10, "rank": 3}}, {"model": "scrpgtest.rel_skill", "pk": 11, "fields": {"character": 2, "skill": 11, "rank": 3}}, {"model": "scrpgtest.rel_skill", "pk": 12, "fields": {"character": 2, "skill": 12, "rank": 2}}, {"model": "scrpgtest.rel_skill", "pk": 13, "fields": {"character": 3, "skill": 8, "rank": 3}}, {"model": "scrpgtest.rel_skill", "pk": 14, "fields": {"character": 3, "skill": 13, "rank": 2}}, {"model": "scrpgtest.rel_skill", "pk": 15, "fields": {"character": 3, "skill": 14, "rank": 1}}, {"model": "scrpgtest.rel_skill", "pk": 16, "fields": {"character": 3, "skill": 15, "rank": 1}}, {"model": "scrpgtest.rel_skill", "pk": 17, "fields": {"character": 3, "skill": 16, "rank": 2}}, {"model": "scrpgtest.rel_skill", "pk": 18, "fields": {"character": 3, "skill": 17, "rank": 2}}, {"model": "scrpgtest.rel_skill", "pk": 19, "fields": {"character": 3, "skill": 18, "rank": 3}}, {"model": "scrpgtest.rel_skill", "pk": 20, "fields": {"character": 3, "skill": 3, "rank": 2}}, {"model": "scrpgtest.rel_skill", "pk": 21, "fields": {"character": 3, "skill": 19, "rank": 2}}, {"model": "scrpgtest.rel_skill", "pk": 22, "fields": {"character": 3, "skill": 20, "rank": 1}}, {"model": "scrpgtest.rel_skill", "pk": 23, "fields": {"character": 3, "skill": 1, "rank": 2}}, {"model": "scrpgtest.rel_skill", "pk": 24, "fields": {"character": 3, "skill": 21, "rank": 3}}, {"model": "scrpgtest.rel_skill", "pk": 25, "fields": {"character": 3, "skill": 22, "rank": 1}}, {"model": "scrpgtest.rel_skill", "pk": 26, "fields": {"character": 3, "skill": 2, "rank": 1}}, {"model": "scrpgtest.rel_skill", "pk": 27, "fields": {"character": 4, "skill": 8, "rank": 2}}, {"model": "scrpgtest.rel_skill", "pk": 28, "fields": {"character": 4, "skill": 23, "rank": 2}}, {"model": "scrpgtest.rel_skill", "pk": 29, "fields": {"character": 4, "skill": 24, "rank": 2}}, {"model": "scrpgtest.rel_skill", "pk": 30, "fields": {"character": 4, "skill": 25, "rank": 2}}, {"model": "scrpgtest.rel_skill", "pk": 31, "fields": {"character": 4, "skill": 26, "rank": 3}}, {"model": "scrpgtest.rel_skill", "pk": 32, "fields": {"character": 4, "skill": 27, "rank": 2}}, {"model": "scrpgtest.rel_skill", "pk": 33, "fields": {"character": 4, "skill": 1, "rank": 3}}, {"model": "scrpgtest.rel_skill", "pk": 34, "fields": {"character": 4, "skill": 28, "rank": 3}}, {"model": "scrpgtest.rel_skill", "pk": 35, "fields": {"character": 4, "skill": 29, "rank": 2}}, {"model": "scrpgtest.rel_skill", "pk": 36, "fields": {"character": 4, "skill": 2, "rank": 2}}, {"model": "scrpgtest.rel_skill", "pk": 37, "fields": {"character": 4, "skill": 30, "rank": 2}}, {"model": "scrpgtest.rel_skill", "pk": 38, "fields": {"character": 4, "skill": 31, "rank": 1}}, {"model": "scrpgtest.rel_skill", "pk": 39, "fields": {"character": 4, "skill": 3, "rank": 1}}, {"model": "scrpgtest.rel_skill", "pk": 40, "fields": {"character": 4, "skill": 32, "rank": 1}}, {"model": "scrpgtest.rel_skill", "pk": 41, "fields": {"character": 4, "skill": 33, "rank": 3}}, {"model": "scrpgtest.rel_skill", "pk": 42, "fields": {"character": 4, "skill": 34, "rank": 2}}, {"model": "scrpgtest.rel_possession", "pk": 1, "fields": {"ammount": 1, "character": 2, "possession": 1}}, {"model": "scrpgtest.rel_possession", "pk": 2, "fields": {"ammount": 1, "character": 2, "possession": 2}}, {"model": "scrpgtest.rel_possession", "pk": 3, "fields": {"ammount": 1, "character": 3, "possession": 3}}, {"model": "scrpgtest.rel_possession", "pk": 4, "fields": {"ammount": 1, "character": 2, "possession": 3}}, {"model": "scrpgtest.rel_language", "pk": 1, "fields": {"character": 1, "language": 1, "written": 3, "spoken": 3}}, {"model": "scrpgtest.rel_language", "pk": 2, "fields": {"character": 1, "language": 2, "written": 3, "spoken": 2}}, {"model": "scrpgtest.rel_language", "pk": 3, "fields": {"character": 2, "language": 2, "written": 3, "spoken": 3}}, {"model": "scrpgtest.rel_language", "pk": 4, "fields": {"character": 3, "language": 1, "written": 3, "spoken": 3}}, {"model": "scrpgtest.rel_language", "pk": 5, "fields": {"character": 3, "language": 2, "written": 2, "spoken": 2}}, {"model": "scrpgtest.rel_language", "pk": 6, "fields": {"character": 4, "language": 2, "written": 3, "spoken": 3}}, {"model": "scrpgtest.rel_language", "pk": 7, "fields": {"character": 4, "language": 1, "written": 2, "spoken": 2}}, {"model": "unswcode.profile", "pk": 1, "fields": {"user": 1, "bio": "", "location": "", "birth_date": null}}, {"model": "unswcode.submission", "pk": 1, "fields": {"assignment": "CODE1240 AS1", "user": 1, "link": "asd", "date": "2018-09-30T09:19:30.906Z", "mark": "{\"1\": {\"val\": \"50\", \"weight\": \"0.3\"}, \"2\": {\"val\": \"50\", \"weight\": \"0.1\"}, \"3\": {\"val\": \"50\", \"weight\": \"0.3\"}, \"4\": {\"val\": \"50\", \"weight\": \"0.2\"}, \"5\": {\"val\": \"50\", \"weight\": \"0.1\"}, \"comment\": {\"val\": \"\"}, \"total\": 50.0}"}}, {"model": "unswcode.submission", "pk": 2, "fields": {"assignment": "CODE1240 AS2", "user": 1, "link": "asd", "date": "2018-10-05T11:23:58.599Z", "mark": "{\"2\": {\"val\": \"100\", \"weight\": \"0.17\"}, \"3\": {\"val\": \"100\", \"weight\": \"0.15\"}, \"4\": {\"val\": \"100\", \"weight\": \"0.17\"}, \"5\": {\"val\": \"100\", \"weight\": \"0.17\"}, \"6\": {\"val\": \"100\", \"weight\": \"0.17\"}, \"7\": {\"val\": \"100\", \"weight\": \"0.17\"}, \"comment\": {\"val\": \"A comment\"}, \"total\": 100.0}"}}, {"model": "admin.logentry", "pk": 1, "fields": {"action_time": "2018-09-15T07:23:08.857Z", "user": 1, "content_type": 21, "object_id": "1", "object_repr": "Red Hot Mob", "action_flag": 1, "change_message": "[{\"added\": {}}]"}}, {"model": "admin.logentry", "pk": 2, "fields": {"action_time": "2018-09-15T07:23:15.852Z", "user": 1, "content_type": 23, "object_id": "1", "object_repr": "NPC", "action_flag": 1, "change_message": "[{\"added\": {}}]"}}, {"model": "admin.logentry", "pk": 3, "fields": {"action_time": "2018-09-15T07:23:25.964Z", "user": 1, "content_type": 26, "object_id": "1", "object_repr": "Hu", "action_flag": 1, "change_message": "[{\"added\": {}}]"}}, {"model": "admin.logentry", "pk": 4, "fields": {"action_time": "2018-09-15T07:23:30.675Z", "user": 1, "content_type": 26, "object_id": "1", "object_repr": "Human", "action_flag": 2, "change_message": "[{\"changed\": {\"fields\": [\"race\"]}}]"}}, {"model": "admin.logentry", "pk": 5, "fields": {"action_time": "2018-09-15T07:23:39.755Z", "user": 1, "content_type": 29, "object_id": "1", "object_repr": "Alive", "action_flag": 1, "change_message": "[{\"added\": {}}]"}}, {"model": "admin.logentry", "pk": 6, "fields": {"action_time": "2018-09-15T07:23:53.864Z", "user": 1, "content_type": 22, "object_id": "1", "object_repr": "Monsieur Petit-pois", "action_flag": 1, "change_message": "[{\"added\": {}}]"}}, {"model": "admin.logentry", "pk": 7, "fields": {"action_time": "2018-09-15T07:27:52.526Z", "user": 1, "content_type": 22, "object_id": "1", "object_repr": "Monsieur Petit-pois", "action_flag": 2, "change_message": "[]"}}, {"model": "admin.logentry", "pk": 8, "fields": {"action_time": "2018-09-15T14:20:23.217Z", "user": 1, "content_type": 20, "object_id": "1", "object_repr": "Fit", "action_flag": 1, "change_message": "[{\"added\": {}}]"}}, {"model": "admin.logentry", "pk": 9, "fields": {"action_time": "2018-09-15T14:20:26.463Z", "user": 1, "content_type": 22, "object_id": "1", "object_repr": "Monsieur Petit-pois", "action_flag": 2, "change_message": "[{\"added\": {\"name\": \"rel_advantage\", \"object\": \"None\"}}]"}}, {"model": "admin.logentry", "pk": 10, "fields": {"action_time": "2018-09-15T14:23:59.774Z", "user": 1, "content_type": 25, "object_id": "1", "object_repr": "Test", "action_flag": 1, "change_message": "[{\"added\": {}}, {\"added\": {\"name\": \"modifier\", \"object\": \"Test\"}}]"}}, {"model": "admin.logentry", "pk": 11, "fields": {"action_time": "2018-09-15T14:24:03.842Z", "user": 1, "content_type": 22, "object_id": "1", "object_repr": "Monsieur Petit-pois", "action_flag": 2, "change_message": "[{\"changed\": {\"name\": \"rel_advantage\", \"object\": \"None\", \"fields\": [\"modifiers\"]}}]"}}, {"model": "admin.logentry", "pk": 12, "fields": {"action_time": "2018-09-15T15:22:26.159Z", "user": 1, "content_type": 25, "object_id": "1", "object_repr": "Test; Second", "action_flag": 2, "change_message": "[{\"added\": {\"name\": \"modifier\", \"object\": \"Second\"}}]"}}, {"model": "admin.logentry", "pk": 13, "fields": {"action_time": "2018-09-15T15:22:29.418Z", "user": 1, "content_type": 22, "object_id": "1", "object_repr": "Monsieur Petit-pois", "action_flag": 2, "change_message": "[]"}}, {"model": "admin.logentry", "pk": 14, "fields": {"action_time": "2018-09-15T16:01:08.311Z", "user": 1, "content_type": 30, "object_id": "1", "object_repr": "Stubbourn", "action_flag": 1, "change_message": "[{\"added\": {}}]"}}, {"model": "admin.logentry", "pk": 15, "fields": {"action_time": "2018-09-15T16:01:11.919Z", "user": 1, "content_type": 22, "object_id": "1", "object_repr": "Monsieur Petit-pois", "action_flag": 2, "change_message": "[{\"added\": {\"name\": \"rel_disadvantage\", \"object\": \"rel_disadvantage object (1)\"}}]"}}, {"model": "admin.logentry", "pk": 16, "fields": {"action_time": "2018-09-15T16:41:41.638Z", "user": 1, "content_type": 22, "object_id": "1", "object_repr": "Monsieur Petit-pois", "action_flag": 2, "change_message": "[{\"changed\": {\"fields\": [\"iq\"]}}]"}}, {"model": "admin.logentry", "pk": 17, "fields": {"action_time": "2018-09-15T16:43:30.148Z", "user": 1, "content_type": 22, "object_id": "1", "object_repr": "Monsieur Petit-pois", "action_flag": 2, "change_message": "[{\"changed\": {\"fields\": [\"will\", \"per\"]}}]"}}, {"model": "admin.logentry", "pk": 18, "fields": {"action_time": "2018-09-17T12:11:36.187Z", "user": 1, "content_type": 33, "object_id": "1", "object_repr": "Knife", "action_flag": 1, "change_message": "[{\"added\": {}}]"}}, {"model": "admin.logentry", "pk": 19, "fields": {"action_time": "2018-09-17T12:11:40.993Z", "user": 1, "content_type": 22, "object_id": "1", "object_repr": "Monsieur Petit-pois", "action_flag": 2, "change_message": "[{\"added\": {\"name\": \"rel_skill\", \"object\": \"rel_skill object (1)\"}}]"}}, {"model": "admin.logentry", "pk": 20, "fields": {"action_time": "2018-09-17T12:11:55.402Z", "user": 1, "content_type": 22, "object_id": "1", "object_repr": "Monsieur Petit-pois", "action_flag": 2, "change_message": "[{\"changed\": {\"name\": \"rel_skill\", \"object\": \"rel_skill object (1)\", \"fields\": [\"rank\"]}}]"}}, {"model": "admin.logentry", "pk": 21, "fields": {"action_time": "2018-09-17T12:48:30.981Z", "user": 1, "content_type": 34, "object_id": "1", "object_repr": "French", "action_flag": 1, "change_message": "[{\"added\": {}}]"}}, {"model": "admin.logentry", "pk": 22, "fields": {"action_time": "2018-09-17T12:48:45.303Z", "user": 1, "content_type": 34, "object_id": "2", "object_repr": "English", "action_flag": 1, "change_message": "[{\"added\": {}}]"}}, {"model": "admin.logentry", "pk": 23, "fields": {"action_time": "2018-09-17T12:48:57.420Z", "user": 1, "content_type": 22, "object_id": "1", "object_repr": "Monsieur Petit-pois", "action_flag": 2, "change_message": "[{\"added\": {\"name\": \"rel_language\", \"object\": \"rel_language object (1)\"}}, {\"added\": {\"name\": \"rel_language\", \"object\": \"rel_language object (2)\"}}]"}}, {"model": "admin.logentry", "pk": 24, "fields": {"action_time": "2018-09-30T09:17:47.674Z", "user": 1, "content_type": 16, "object_id": "1", "object_repr": "UNSW_TEACHER", "action_flag": 1, "change_message": "[{\"added\": {}}]"}}, {"model": "admin.logentry", "pk": 25, "fields": {"action_time": "2018-09-30T09:17:59.698Z", "user": 1, "content_type": 17, "object_id": "1", "object_repr": "sephbin", "action_flag": 2, "change_message": "[{\"changed\": {\"fields\": [\"groups\"]}}]"}}, {"model": "admin.logentry", "pk": 26, "fields": {"action_time": "2018-09-30T09:19:53.419Z", "user": 1, "content_type": 37, "object_id": "1", "object_repr": "submission object (1)", "action_flag": 2, "change_message": "[{\"changed\": {\"fields\": [\"mark\"]}}]"}}, {"model": "admin.logentry", "pk": 27, "fields": {"action_time": "2018-09-30T09:20:41.235Z", "user": 1, "content_type": 17, "object_id": "1", "object_repr": "sephbin", "action_flag": 2, "change_message": "[{\"changed\": {\"fields\": [\"first_name\", \"last_name\"]}}]"}}, {"model": "admin.logentry", "pk": 28, "fields": {"action_time": "2018-10-05T11:56:11.013Z", "user": 1, "content_type": 37, "object_id": "2", "object_repr": "submission object (2)", "action_flag": 2, "change_message": "[{\"changed\": {\"fields\": [\"mark\"]}}]"}}, {"model": "admin.logentry", "pk": 29, "fields": {"action_time": "2018-10-07T10:42:25.339Z", "user": 1, "content_type": 20, "object_id": "2", "object_repr": "No Sleep", "action_flag": 1, "change_message": "[{\"added\": {}}]"}}, {"model": "admin.logentry", "pk": 30, "fields": {"action_time": "2018-10-07T10:42:53.703Z", "user": 1, "content_type": 22, "object_id": "1", "object_repr": "Monsieur Petit-pois", "action_flag": 2, "change_message": "[{\"added\": {\"name\": \"rel_advantage\", \"object\": \"None\"}}]"}}, {"model": "admin.logentry", "pk": 31, "fields": {"action_time": "2018-10-07T11:37:34.077Z", "user": 1, "content_type": 25, "object_id": "2", "object_repr": "Mod 2", "action_flag": 1, "change_message": "[{\"added\": {}}, {\"added\": {\"name\": \"modifier\", \"object\": \"Mod 2\"}}]"}}, {"model": "admin.logentry", "pk": 32, "fields": {"action_time": "2018-10-07T11:37:41.227Z", "user": 1, "content_type": 22, "object_id": "1", "object_repr": "Monsieur Petit-pois", "action_flag": 2, "change_message": "[{\"changed\": {\"name\": \"rel_disadvantage\", \"object\": \"None\", \"fields\": [\"modifiers\"]}}]"}}, {"model": "admin.logentry", "pk": 33, "fields": {"action_time": "2018-10-10T13:24:39.964Z", "user": 1, "content_type": 23, "object_id": "2", "object_repr": "PC", "action_flag": 1, "change_message": "[{\"added\": {}}]"}}, {"model": "admin.logentry", "pk": 34, "fields": {"action_time": "2018-10-10T13:27:14.640Z", "user": 1, "content_type": 20, "object_id": "3", "object_repr": "Luck", "action_flag": 1, "change_message": "[{\"added\": {}}]"}}, {"model": "admin.logentry", "pk": 35, "fields": {"action_time": "2018-10-10T13:28:44.952Z", "user": 1, "content_type": 20, "object_id": "4", "object_repr": "Musical Ability", "action_flag": 1, "change_message": "[{\"added\": {}}]"}}, {"model": "admin.logentry", "pk": 36, "fields": {"action_time": "2018-10-10T13:29:27.020Z", "user": 1, "content_type": 20, "object_id": "5", "object_repr": "Smooth Operator", "action_flag": 1, "change_message": "[{\"added\": {}}]"}}, {"model": "admin.logentry", "pk": 37, "fields": {"action_time": "2018-10-10T13:31:52.992Z", "user": 1, "content_type": 20, "object_id": "6", "object_repr": "Status", "action_flag": 1, "change_message": "[{\"added\": {}}]"}}, {"model": "admin.logentry", "pk": 38, "fields": {"action_time": "2018-10-10T13:32:43.567Z", "user": 1, "content_type": 20, "object_id": "7", "object_repr": "Super Luck", "action_flag": 1, "change_message": "[{\"added\": {}}]"}}, {"model": "admin.logentry", "pk": 39, "fields": {"action_time": "2018-10-10T13:33:34.076Z", "user": 1, "content_type": 25, "object_id": "3", "object_repr": "PM Super; Requires IQ Roll", "action_flag": 1, "change_message": "[{\"added\": {}}, {\"added\": {\"name\": \"modifier\", \"object\": \"PM Super\"}}, {\"added\": {\"name\": \"modifier\", \"object\": \"Requires IQ Roll\"}}]"}}, {"model": "admin.logentry", "pk": 40, "fields": {"action_time": "2018-10-10T13:34:05.940Z", "user": 1, "content_type": 20, "object_id": "8", "object_repr": "Visualization", "action_flag": 1, "change_message": "[{\"added\": {}}]"}}, {"model": "admin.logentry", "pk": 41, "fields": {"action_time": "2018-10-10T13:34:28.226Z", "user": 1, "content_type": 25, "object_id": "4", "object_repr": "PM Super", "action_flag": 1, "change_message": "[{\"added\": {}}, {\"added\": {\"name\": \"modifier\", \"object\": \"PM Super\"}}]"}}, {"model": "admin.logentry", "pk": 42, "fields": {"action_time": "2018-10-10T13:34:43.823Z", "user": 1, "content_type": 22, "object_id": "2", "object_repr": "Esther Fayette", "action_flag": 1, "change_message": "[{\"added\": {}}, {\"added\": {\"name\": \"rel_advantage\", \"object\": \"None\"}}, {\"added\": {\"name\": \"rel_advantage\", \"object\": \"1\"}}, {\"added\": {\"name\": \"rel_advantage\", \"object\": \"1\"}}, {\"added\": {\"name\": \"rel_advantage\", \"object\": \"2\"}}, {\"added\": {\"name\": \"rel_advantage\", \"object\": \"None\"}}, {\"added\": {\"name\": \"rel_advantage\", \"object\": \"None\"}}]"}}, {"model": "admin.logentry", "pk": 43, "fields": {"action_time": "2018-10-10T13:38:24.561Z", "user": 1, "content_type": 22, "object_id": "2", "object_repr": "Esther Fayette", "action_flag": 2, "change_message": "[{\"added\": {\"name\": \"rel_language\", \"object\": \"rel_language object (3)\"}}]"}}, {"model": "admin.logentry", "pk": 44, "fields": {"action_time": "2018-10-10T13:43:47.816Z", "user": 1, "content_type": 33, "object_id": "2", "object_repr": "Streetwise", "action_flag": 1, "change_message": "[{\"added\": {}}]"}}, {"model": "admin.logentry", "pk": 45, "fields": {"action_time": "2018-10-10T13:44:13.977Z", "user": 1, "content_type": 33, "object_id": "3", "object_repr": "Fast-Talk", "action_flag": 1, "change_message": "[{\"added\": {}}]"}}, {"model": "admin.logentry", "pk": 46, "fields": {"action_time": "2018-10-10T13:44:21.630Z", "user": 1, "content_type": 22, "object_id": "2", "object_repr": "Esther Fayette", "action_flag": 2, "change_message": "[{\"added\": {\"name\": \"rel_skill\", \"object\": \"rel_skill object (2)\"}}, {\"added\": {\"name\": \"rel_skill\", \"object\": \"rel_skill object (3)\"}}]"}}, {"model": "admin.logentry", "pk": 47, "fields": {"action_time": "2018-10-10T13:45:38.211Z", "user": 1, "content_type": 33, "object_id": "4", "object_repr": "Holdout", "action_flag": 1, "change_message": "[{\"added\": {}}]"}}, {"model": "admin.logentry", "pk": 48, "fields": {"action_time": "2018-10-10T13:46:02.274Z", "user": 1, "content_type": 33, "object_id": "5", "object_repr": "Merchant", "action_flag": 1, "change_message": "[{\"added\": {}}]"}}, {"model": "admin.logentry", "pk": 49, "fields": {"action_time": "2018-10-10T13:47:06.340Z", "user": 1, "content_type": 33, "object_id": "6", "object_repr": "Disguise", "action_flag": 1, "change_message": "[{\"added\": {}}]"}}, {"model": "admin.logentry", "pk": 50, "fields": {"action_time": "2018-10-10T13:47:33.925Z", "user": 1, "content_type": 33, "object_id": "7", "object_repr": "Smuggling", "action_flag": 1, "change_message": "[{\"added\": {}}]"}}, {"model": "admin.logentry", "pk": 51, "fields": {"action_time": "2018-10-10T13:48:20.425Z", "user": 1, "content_type": 33, "object_id": "8", "object_repr": "Area Knowledge (Home Turf)", "action_flag": 1, "change_message": "[{\"added\": {}}]"}}, {"model": "admin.logentry", "pk": 52, "fields": {"action_time": "2018-10-10T13:48:57.493Z", "user": 1, "content_type": 33, "object_id": "9", "object_repr": "Guns (Pistol)", "action_flag": 1, "change_message": "[{\"added\": {}}]"}}, {"model": "admin.logentry", "pk": 53, "fields": {"action_time": "2018-10-10T13:49:28.370Z", "user": 1, "content_type": 33, "object_id": "10", "object_repr": "Fast-Draw (Pistol)", "action_flag": 1, "change_message": "[{\"added\": {}}]"}}, {"model": "admin.logentry", "pk": 54, "fields": {"action_time": "2018-10-10T13:50:11.364Z", "user": 1, "content_type": 33, "object_id": "11", "object_repr": "Driving", "action_flag": 1, "change_message": "[{\"added\": {}}]"}}, {"model": "admin.logentry", "pk": 55, "fields": {"action_time": "2018-10-10T13:50:52.416Z", "user": 1, "content_type": 33, "object_id": "12", "object_repr": "Savoir-Faire", "action_flag": 1, "change_message": "[{\"added\": {}}]"}}, {"model": "admin.logentry", "pk": 56, "fields": {"action_time": "2018-10-10T13:51:04.340Z", "user": 1, "content_type": 22, "object_id": "2", "object_repr": "Esther Fayette", "action_flag": 2, "change_message": "[{\"added\": {\"name\": \"rel_skill\", \"object\": \"rel_skill object (4)\"}}, {\"added\": {\"name\": \"rel_skill\", \"object\": \"rel_skill object (5)\"}}, {\"added\": {\"name\": \"rel_skill\", \"object\": \"rel_skill object (6)\"}}, {\"added\": {\"name\": \"rel_skill\", \"object\": \"rel_skill object (7)\"}}, {\"added\": {\"name\": \"rel_skill\", \"object\": \"rel_skill object (8)\"}}, {\"added\": {\"name\": \"rel_skill\", \"object\": \"rel_skill object (9)\"}}, {\"added\": {\"name\": \"rel_skill\", \"object\": \"rel_skill object (10)\"}}, {\"added\": {\"name\": \"rel_skill\", \"object\": \"rel_skill object (11)\"}}, {\"added\": {\"name\": \"rel_skill\", \"object\": \"rel_skill object (12)\"}}]"}}, {"model": "admin.logentry", "pk": 57, "fields": {"action_time": "2018-10-14T04:35:45.659Z", "user": 1, "content_type": 43, "object_id": "1", "object_repr": "Large Knife", "action_flag": 1, "change_message": "[{\"added\": {}}]"}}, {"model": "admin.logentry", "pk": 58, "fields": {"action_time": "2018-10-14T04:38:24.743Z", "user": 1, "content_type": 22, "object_id": "2", "object_repr": "Esther Fayette", "action_flag": 2, "change_message": "[{\"added\": {\"name\": \"rel_possession\", \"object\": \"1x Large Knife\"}}]"}}, {"model": "admin.logentry", "pk": 59, "fields": {"action_time": "2018-10-14T04:41:42.727Z", "user": 1, "content_type": 22, "object_id": "2", "object_repr": "Esther Fayette", "action_flag": 2, "change_message": "[{\"changed\": {\"name\": \"rel_possession\", \"object\": \"2x Large Knife\", \"fields\": [\"ammount\"]}}]"}}, {"model": "admin.logentry", "pk": 60, "fields": {"action_time": "2018-10-14T04:53:51.937Z", "user": 1, "content_type": 43, "object_id": "2", "object_repr": "S&W .22 LadySmith", "action_flag": 1, "change_message": "[{\"added\": {}}]"}}, {"model": "admin.logentry", "pk": 61, "fields": {"action_time": "2018-10-14T04:55:07.558Z", "user": 1, "content_type": 22, "object_id": "2", "object_repr": "Esther Fayette", "action_flag": 2, "change_message": "[{\"added\": {\"name\": \"rel_possession\", \"object\": \"1x S&W .22 LadySmith\"}}, {\"changed\": {\"name\": \"rel_possession\", \"object\": \"1x Large Knife\", \"fields\": [\"ammount\"]}}]"}}, {"model": "admin.logentry", "pk": 62, "fields": {"action_time": "2018-10-14T05:13:34.677Z", "user": 1, "content_type": 43, "object_id": "1", "object_repr": "Large Knife", "action_flag": 2, "change_message": "[{\"changed\": {\"fields\": [\"rangeStatsText\"]}}]"}}, {"model": "admin.logentry", "pk": 63, "fields": {"action_time": "2018-10-14T05:13:36.784Z", "user": 1, "content_type": 22, "object_id": "2", "object_repr": "Esther Fayette", "action_flag": 2, "change_message": "[]"}}, {"model": "admin.logentry", "pk": 64, "fields": {"action_time": "2018-10-14T05:16:55.285Z", "user": 1, "content_type": 43, "object_id": "2", "object_repr": "S&W .22 LadySmith", "action_flag": 2, "change_message": "[]"}}, {"model": "admin.logentry", "pk": 65, "fields": {"action_time": "2018-10-14T05:16:57.228Z", "user": 1, "content_type": 22, "object_id": "2", "object_repr": "Esther Fayette", "action_flag": 2, "change_message": "[]"}}, {"model": "admin.logentry", "pk": 66, "fields": {"action_time": "2018-10-14T05:34:21.737Z", "user": 1, "content_type": 43, "object_id": "1", "object_repr": "Large Knife", "action_flag": 2, "change_message": "[]"}}, {"model": "admin.logentry", "pk": 67, "fields": {"action_time": "2018-11-11T09:09:11.363Z", "user": 1, "content_type": 22, "object_id": "3", "object_repr": "Rosa Laveau", "action_flag": 1, "change_message": "[{\"added\": {}}]"}}, {"model": "admin.logentry", "pk": 68, "fields": {"action_time": "2018-11-11T09:09:57.900Z", "user": 1, "content_type": 20, "object_id": "9", "object_repr": "Acute Hearing", "action_flag": 1, "change_message": "[{\"added\": {}}]"}}, {"model": "admin.logentry", "pk": 69, "fields": {"action_time": "2018-11-11T09:10:24.388Z", "user": 1, "content_type": 20, "object_id": "10", "object_repr": "Attractive", "action_flag": 1, "change_message": "[{\"added\": {}}]"}}, {"model": "admin.logentry", "pk": 70, "fields": {"action_time": "2018-11-11T09:10:32.670Z", "user": 1, "content_type": 22, "object_id": "3", "object_repr": "Rosa Laveau", "action_flag": 2, "change_message": "[{\"added\": {\"name\": \"rel_advantage\", \"object\": \"1\"}}, {\"added\": {\"name\": \"rel_advantage\", \"object\": \"None\"}}]"}}, {"model": "admin.logentry", "pk": 71, "fields": {"action_time": "2018-11-11T09:11:10.552Z", "user": 1, "content_type": 20, "object_id": "11", "object_repr": "Charisma", "action_flag": 1, "change_message": "[{\"added\": {}}]"}}, {"model": "admin.logentry", "pk": 72, "fields": {"action_time": "2018-11-11T09:12:01.061Z", "user": 1, "content_type": 20, "object_id": "12", "object_repr": "Contacts", "action_flag": 1, "change_message": "[{\"added\": {}}]"}}, {"model": "admin.logentry", "pk": 73, "fields": {"action_time": "2018-11-11T09:12:27.676Z", "user": 1, "content_type": 20, "object_id": "13", "object_repr": "Fashion Sense", "action_flag": 1, "change_message": "[{\"added\": {}}]"}}, {"model": "admin.logentry", "pk": 74, "fields": {"action_time": "2018-11-11T09:13:25.933Z", "user": 1, "content_type": 20, "object_id": "14", "object_repr": "Social Regard", "action_flag": 1, "change_message": "[{\"added\": {}}]"}}, {"model": "admin.logentry", "pk": 75, "fields": {"action_time": "2018-11-11T09:13:49.783Z", "user": 1, "content_type": 20, "object_id": "15", "object_repr": "Voice", "action_flag": 1, "change_message": "[{\"added\": {}}]"}}, {"model": "admin.logentry", "pk": 76, "fields": {"action_time": "2018-11-11T09:14:04.527Z", "user": 1, "content_type": 20, "object_id": "15", "object_repr": "Voice", "action_flag": 2, "change_message": "[{\"changed\": {\"fields\": [\"basecost\"]}}]"}}, {"model": "admin.logentry", "pk": 77, "fields": {"action_time": "2018-11-11T09:14:12.251Z", "user": 1, "content_type": 22, "object_id": "3", "object_repr": "Rosa Laveau", "action_flag": 2, "change_message": "[{\"added\": {\"name\": \"rel_advantage\", \"object\": \"1\"}}, {\"added\": {\"name\": \"rel_advantage\", \"object\": \"None\"}}, {\"added\": {\"name\": \"rel_advantage\", \"object\": \"None\"}}, {\"added\": {\"name\": \"rel_advantage\", \"object\": \"1\"}}, {\"added\": {\"name\": \"rel_advantage\", \"object\": \"None\"}}, {\"added\": {\"name\": \"rel_advantage\", \"object\": \"2\"}}]"}}, {"model": "admin.logentry", "pk": 78, "fields": {"action_time": "2018-11-11T09:16:02.957Z", "user": 1, "content_type": 30, "object_id": "2", "object_repr": "Alcoholism (RHM)", "action_flag": 1, "change_message": "[{\"added\": {}}]"}}, {"model": "admin.logentry", "pk": 79, "fields": {"action_time": "2018-11-11T09:16:47.524Z", "user": 1, "content_type": 30, "object_id": "3", "object_repr": "Compulsive Carousing", "action_flag": 1, "change_message": "[{\"added\": {}}]"}}, {"model": "admin.logentry", "pk": 80, "fields": {"action_time": "2018-11-11T09:17:26.628Z", "user": 1, "content_type": 30, "object_id": "4", "object_repr": "Compulsive Gambling", "action_flag": 1, "change_message": "[{\"added\": {}}]"}}, {"model": "admin.logentry", "pk": 81, "fields": {"action_time": "2018-11-11T09:17:44.912Z", "user": 1, "content_type": 30, "object_id": "5", "object_repr": "Curious", "action_flag": 1, "change_message": "[{\"added\": {}}]"}}, {"model": "admin.logentry", "pk": 82, "fields": {"action_time": "2018-11-11T09:18:06.731Z", "user": 1, "content_type": 30, "object_id": "6", "object_repr": "Pacifism", "action_flag": 1, "change_message": "[{\"added\": {}}]"}}, {"model": "admin.logentry", "pk": 83, "fields": {"action_time": "2018-11-11T09:18:35.367Z", "user": 1, "content_type": 30, "object_id": "7", "object_repr": "Secret", "action_flag": 1, "change_message": "[{\"added\": {}}]"}}, {"model": "admin.logentry", "pk": 84, "fields": {"action_time": "2018-11-11T09:21:11.256Z", "user": 1, "content_type": 33, "object_id": "13", "object_repr": "Autohypnosis", "action_flag": 1, "change_message": "[{\"added\": {}}]"}}, {"model": "admin.logentry", "pk": 85, "fields": {"action_time": "2018-11-11T09:21:42.519Z", "user": 1, "content_type": 33, "object_id": "14", "object_repr": "Boating", "action_flag": 1, "change_message": "[{\"added\": {}}]"}}, {"model": "admin.logentry", "pk": 86, "fields": {"action_time": "2018-11-11T09:22:13.941Z", "user": 1, "content_type": 33, "object_id": "15", "object_repr": "Carousing", "action_flag": 1, "change_message": "[{\"added\": {}}]"}}, {"model": "admin.logentry", "pk": 87, "fields": {"action_time": "2018-11-11T09:22:21.835Z", "user": 1, "content_type": 33, "object_id": "14", "object_repr": "Boating", "action_flag": 2, "change_message": "[{\"changed\": {\"fields\": [\"skill_defaults\"]}}]"}}, {"model": "admin.logentry", "pk": 88, "fields": {"action_time": "2018-11-11T09:22:29.489Z", "user": 1, "content_type": 33, "object_id": "13", "object_repr": "Autohypnosis", "action_flag": 2, "change_message": "[]"}}, {"model": "admin.logentry", "pk": 89, "fields": {"action_time": "2018-11-11T09:22:59.290Z", "user": 1, "content_type": 33, "object_id": "16", "object_repr": "Current Affairs", "action_flag": 1, "change_message": "[{\"added\": {}}]"}}, {"model": "admin.logentry", "pk": 90, "fields": {"action_time": "2018-11-11T09:23:32.859Z", "user": 1, "content_type": 33, "object_id": "17", "object_repr": "Musical Influence", "action_flag": 1, "change_message": "[{\"added\": {}}]"}}, {"model": "admin.logentry", "pk": 91, "fields": {"action_time": "2018-11-11T09:24:20.449Z", "user": 1, "content_type": 33, "object_id": "18", "object_repr": "Singing", "action_flag": 1, "change_message": "[{\"added\": {}}]"}}, {"model": "admin.logentry", "pk": 92, "fields": {"action_time": "2018-11-11T09:27:31.579Z", "user": 1, "content_type": 33, "object_id": "19", "object_repr": "Performance", "action_flag": 1, "change_message": "[{\"added\": {}}]"}}, {"model": "admin.logentry", "pk": 93, "fields": {"action_time": "2018-11-11T09:40:06.590Z", "user": 1, "content_type": 22, "object_id": "3", "object_repr": "Rosa Laveau", "action_flag": 2, "change_message": "[{\"added\": {\"name\": \"rel_disadvantage\", \"object\": \"None\"}}, {\"added\": {\"name\": \"rel_disadvantage\", \"object\": \"None\"}}, {\"added\": {\"name\": \"rel_disadvantage\", \"object\": \"None\"}}, {\"added\": {\"name\": \"rel_disadvantage\", \"object\": \"None\"}}, {\"added\": {\"name\": \"rel_disadvantage\", \"object\": \"None\"}}, {\"added\": {\"name\": \"rel_disadvantage\", \"object\": \"None\"}}, {\"added\": {\"name\": \"rel_skill\", \"object\": \"rel_skill object (13)\"}}, {\"added\": {\"name\": \"rel_skill\", \"object\": \"rel_skill object (14)\"}}, {\"added\": {\"name\": \"rel_skill\", \"object\": \"rel_skill object (15)\"}}, {\"added\": {\"name\": \"rel_skill\", \"object\": \"rel_skill object (16)\"}}, {\"added\": {\"name\": \"rel_skill\", \"object\": \"rel_skill object (17)\"}}, {\"added\": {\"name\": \"rel_skill\", \"object\": \"rel_skill object (18)\"}}, {\"added\": {\"name\": \"rel_skill\", \"object\": \"rel_skill object (19)\"}}, {\"added\": {\"name\": \"rel_skill\", \"object\": \"rel_skill object (20)\"}}, {\"added\": {\"name\": \"rel_skill\", \"object\": \"rel_skill object (21)\"}}]"}}, {"model": "admin.logentry", "pk": 94, "fields": {"action_time": "2018-11-11T09:53:34.280Z", "user": 1, "content_type": 33, "object_id": "20", "object_repr": "Dancing", "action_flag": 1, "change_message": "[{\"added\": {}}]"}}, {"model": "admin.logentry", "pk": 95, "fields": {"action_time": "2018-11-11T09:54:17.260Z", "user": 1, "content_type": 33, "object_id": "21", "object_repr": "Gambling", "action_flag": 1, "change_message": "[{\"added\": {}}]"}}, {"model": "admin.logentry", "pk": 96, "fields": {"action_time": "2018-11-11T09:54:46.760Z", "user": 1, "content_type": 33, "object_id": "22", "object_repr": "Makeup", "action_flag": 1, "change_message": "[{\"added\": {}}]"}}, {"model": "admin.logentry", "pk": 97, "fields": {"action_time": "2018-11-11T09:56:29.485Z", "user": 1, "content_type": 22, "object_id": "3", "object_repr": "Rosa Laveau", "action_flag": 2, "change_message": "[{\"added\": {\"name\": \"rel_skill\", \"object\": \"rel_skill object (22)\"}}, {\"added\": {\"name\": \"rel_skill\", \"object\": \"rel_skill object (23)\"}}, {\"added\": {\"name\": \"rel_skill\", \"object\": \"rel_skill object (24)\"}}, {\"added\": {\"name\": \"rel_skill\", \"object\": \"rel_skill object (25)\"}}, {\"added\": {\"name\": \"rel_skill\", \"object\": \"rel_skill object (26)\"}}, {\"changed\": {\"name\": \"rel_skill\", \"object\": \"rel_skill object (14)\", \"fields\": [\"rank\"]}}, {\"changed\": {\"name\": \"rel_skill\", \"object\": \"rel_skill object (15)\", \"fields\": [\"rank\"]}}, {\"changed\": {\"name\": \"rel_skill\", \"object\": \"rel_skill object (16)\", \"fields\": [\"rank\"]}}, {\"changed\": {\"name\": \"rel_skill\", \"object\": \"rel_skill object (17)\", \"fields\": [\"rank\"]}}, {\"changed\": {\"name\": \"rel_skill\", \"object\": \"rel_skill object (18)\", \"fields\": [\"rank\"]}}, {\"changed\": {\"name\": \"rel_skill\", \"object\": \"rel_skill object (19)\", \"fields\": [\"rank\"]}}, {\"changed\": {\"name\": \"rel_skill\", \"object\": \"rel_skill object (20)\", \"fields\": [\"rank\"]}}, {\"changed\": {\"name\": \"rel_skill\", \"object\": \"rel_skill object (21)\", \"fields\": [\"rank\"]}}]"}}, {"model": "admin.logentry", "pk": 98, "fields": {"action_time": "2018-11-11T09:58:24.632Z", "user": 1, "content_type": 22, "object_id": "3", "object_repr": "Rosa Laveau", "action_flag": 2, "change_message": "[{\"added\": {\"name\": \"rel_language\", \"object\": \"rel_language object (4)\"}}, {\"added\": {\"name\": \"rel_language\", \"object\": \"rel_language object (5)\"}}]"}}, {"model": "admin.logentry", "pk": 99, "fields": {"action_time": "2018-11-11T09:59:01.698Z", "user": 1, "content_type": 43, "object_id": "3", "object_repr": "Cigarette Lighter", "action_flag": 1, "change_message": "[{\"added\": {}}]"}}, {"model": "admin.logentry", "pk": 100, "fields": {"action_time": "2018-11-11T09:59:19.874Z", "user": 1, "content_type": 22, "object_id": "3", "object_repr": "Rosa Laveau", "action_flag": 2, "change_message": "[{\"added\": {\"name\": \"rel_possession\", \"object\": \"1x Cigarette Lighter\"}}]"}}, {"model": "admin.logentry", "pk": 101, "fields": {"action_time": "2018-11-11T10:03:49.341Z", "user": 1, "content_type": 20, "object_id": "16", "object_repr": "Affliction", "action_flag": 1, "change_message": "[{\"added\": {}}]"}}, {"model": "admin.logentry", "pk": 102, "fields": {"action_time": "2018-11-11T10:04:59.757Z", "user": 1, "content_type": 25, "object_id": "5", "object_repr": "Heart Attack; PM Psionic", "action_flag": 1, "change_message": "[{\"added\": {}}, {\"added\": {\"name\": \"modifier\", \"object\": \"Heart Attack\"}}, {\"added\": {\"name\": \"modifier\", \"object\": \"PM Psionic\"}}]"}}, {"model": "admin.logentry", "pk": 103, "fields": {"action_time": "2018-11-11T10:05:43.264Z", "user": 1, "content_type": 22, "object_id": "4", "object_repr": "Vincent Amant", "action_flag": 1, "change_message": "[{\"added\": {}}, {\"added\": {\"name\": \"rel_advantage\", \"object\": \"1\"}}]"}}, {"model": "admin.logentry", "pk": 104, "fields": {"action_time": "2018-11-11T10:06:35.227Z", "user": 1, "content_type": 20, "object_id": "17", "object_repr": "Combat Reflexes", "action_flag": 1, "change_message": "[{\"added\": {}}]"}}, {"model": "admin.logentry", "pk": 105, "fields": {"action_time": "2018-11-11T10:09:53.261Z", "user": 1, "content_type": 20, "object_id": "18", "object_repr": "Terror* -2", "action_flag": 1, "change_message": "[{\"added\": {}}]"}}, {"model": "admin.logentry", "pk": 106, "fields": {"action_time": "2018-11-11T10:10:20.175Z", "user": 1, "content_type": 20, "object_id": "19", "object_repr": "Fearlessness", "action_flag": 1, "change_message": "[{\"added\": {}}]"}}, {"model": "admin.logentry", "pk": 107, "fields": {"action_time": "2018-11-11T10:10:45.762Z", "user": 1, "content_type": 20, "object_id": "20", "object_repr": "Single-Minded", "action_flag": 1, "change_message": "[{\"added\": {}}]"}}, {"model": "admin.logentry", "pk": 108, "fields": {"action_time": "2018-11-11T10:10:57.502Z", "user": 1, "content_type": 22, "object_id": "4", "object_repr": "Vincent Amant", "action_flag": 2, "change_message": "[{\"added\": {\"name\": \"rel_advantage\", \"object\": \"None\"}}, {\"added\": {\"name\": \"rel_advantage\", \"object\": \"None\"}}, {\"added\": {\"name\": \"rel_advantage\", \"object\": \"None\"}}, {\"added\": {\"name\": \"rel_advantage\", \"object\": \"None\"}}, {\"added\": {\"name\": \"rel_advantage\", \"object\": \"3\"}}, {\"added\": {\"name\": \"rel_advantage\", \"object\": \"None\"}}]"}}, {"model": "admin.logentry", "pk": 109, "fields": {"action_time": "2018-11-11T10:12:21.208Z", "user": 1, "content_type": 30, "object_id": "8", "object_repr": "Nightmares", "action_flag": 1, "change_message": "[{\"added\": {}}]"}}, {"model": "admin.logentry", "pk": 110, "fields": {"action_time": "2018-11-11T10:12:44.648Z", "user": 1, "content_type": 30, "object_id": "9", "object_repr": "Insomniac", "action_flag": 1, "change_message": "[{\"added\": {}}]"}}, {"model": "admin.logentry", "pk": 111, "fields": {"action_time": "2018-11-11T10:13:11.040Z", "user": 1, "content_type": 30, "object_id": "10", "object_repr": "Overconfidence", "action_flag": 1, "change_message": "[{\"added\": {}}]"}}, {"model": "admin.logentry", "pk": 112, "fields": {"action_time": "2018-11-11T10:13:32.924Z", "user": 1, "content_type": 30, "object_id": "11", "object_repr": "Addiction (Amphetamines)", "action_flag": 1, "change_message": "[{\"added\": {}}]"}}, {"model": "admin.logentry", "pk": 113, "fields": {"action_time": "2018-11-11T10:13:53.769Z", "user": 1, "content_type": 22, "object_id": "4", "object_repr": "Vincent Amant", "action_flag": 2, "change_message": "[{\"added\": {\"name\": \"rel_disadvantage\", \"object\": \"None\"}}, {\"added\": {\"name\": \"rel_disadvantage\", \"object\": \"None\"}}, {\"added\": {\"name\": \"rel_disadvantage\", \"object\": \"None\"}}, {\"added\": {\"name\": \"rel_disadvantage\", \"object\": \"None\"}}, {\"added\": {\"name\": \"rel_disadvantage\", \"object\": \"None\"}}]"}}, {"model": "admin.logentry", "pk": 114, "fields": {"action_time": "2018-11-11T10:15:18.647Z", "user": 1, "content_type": 33, "object_id": "23", "object_repr": "Sex Appeal", "action_flag": 1, "change_message": "[{\"added\": {}}]"}}, {"model": "admin.logentry", "pk": 115, "fields": {"action_time": "2018-11-11T10:15:42.836Z", "user": 1, "content_type": 33, "object_id": "24", "object_repr": "Erotic Art", "action_flag": 1, "change_message": "[{\"added\": {}}]"}}, {"model": "admin.logentry", "pk": 116, "fields": {"action_time": "2018-11-11T10:22:13.360Z", "user": 1, "content_type": 33, "object_id": "25", "object_repr": "Detect Lies", "action_flag": 1, "change_message": "[{\"added\": {}}]"}}, {"model": "admin.logentry", "pk": 117, "fields": {"action_time": "2018-11-11T10:22:38.296Z", "user": 1, "content_type": 33, "object_id": "26", "object_repr": "Shadowing", "action_flag": 1, "change_message": "[{\"added\": {}}]"}}, {"model": "admin.logentry", "pk": 118, "fields": {"action_time": "2018-11-11T10:23:37.058Z", "user": 1, "content_type": 33, "object_id": "27", "object_repr": "Lockpicking", "action_flag": 1, "change_message": "[{\"added\": {}}]"}}, {"model": "admin.logentry", "pk": 119, "fields": {"action_time": "2018-11-11T10:24:29.852Z", "user": 1, "content_type": 33, "object_id": "28", "object_repr": "Interrogation", "action_flag": 1, "change_message": "[{\"added\": {}}]"}}, {"model": "admin.logentry", "pk": 120, "fields": {"action_time": "2018-11-11T10:25:28.655Z", "user": 1, "content_type": 33, "object_id": "29", "object_repr": "Stealth", "action_flag": 1, "change_message": "[{\"added\": {}}]"}}, {"model": "admin.logentry", "pk": 121, "fields": {"action_time": "2018-11-11T10:26:35.892Z", "user": 1, "content_type": 33, "object_id": "30", "object_repr": "Brawling", "action_flag": 1, "change_message": "[{\"added\": {}}]"}}, {"model": "admin.logentry", "pk": 122, "fields": {"action_time": "2018-11-11T10:27:10.875Z", "user": 1, "content_type": 33, "object_id": "31", "object_repr": "Acting", "action_flag": 1, "change_message": "[{\"added\": {}}]"}}, {"model": "admin.logentry", "pk": 123, "fields": {"action_time": "2018-11-11T10:27:55.223Z", "user": 1, "content_type": 33, "object_id": "32", "object_repr": "Observation", "action_flag": 1, "change_message": "[{\"added\": {}}]"}}, {"model": "admin.logentry", "pk": 124, "fields": {"action_time": "2018-11-11T10:28:15.986Z", "user": 1, "content_type": 33, "object_id": "33", "object_repr": "Diplomacy", "action_flag": 1, "change_message": "[{\"added\": {}}]"}}, {"model": "admin.logentry", "pk": 125, "fields": {"action_time": "2018-11-11T10:28:58.507Z", "user": 1, "content_type": 33, "object_id": "34", "object_repr": "First Aid", "action_flag": 1, "change_message": "[{\"added\": {}}]"}}, {"model": "admin.logentry", "pk": 126, "fields": {"action_time": "2018-11-11T10:30:28.699Z", "user": 1, "content_type": 22, "object_id": "4", "object_repr": "Vincent Amant", "action_flag": 2, "change_message": "[{\"added\": {\"name\": \"rel_skill\", \"object\": \"rel_skill object (27)\"}}, {\"added\": {\"name\": \"rel_skill\", \"object\": \"rel_skill object (28)\"}}, {\"added\": {\"name\": \"rel_skill\", \"object\": \"rel_skill object (29)\"}}, {\"added\": {\"name\": \"rel_skill\", \"object\": \"rel_skill object (30)\"}}, {\"added\": {\"name\": \"rel_skill\", \"object\": \"rel_skill object (31)\"}}, {\"added\": {\"name\": \"rel_skill\", \"object\": \"rel_skill object (32)\"}}, {\"added\": {\"name\": \"rel_skill\", \"object\": \"rel_skill object (33)\"}}, {\"added\": {\"name\": \"rel_skill\", \"object\": \"rel_skill object (34)\"}}, {\"added\": {\"name\": \"rel_skill\", \"object\": \"rel_skill object (35)\"}}, {\"added\": {\"name\": \"rel_skill\", \"object\": \"rel_skill object (36)\"}}, {\"added\": {\"name\": \"rel_skill\", \"object\": \"rel_skill object (37)\"}}, {\"added\": {\"name\": \"rel_skill\", \"object\": \"rel_skill object (38)\"}}, {\"added\": {\"name\": \"rel_skill\", \"object\": \"rel_skill object (39)\"}}, {\"added\": {\"name\": \"rel_skill\", \"object\": \"rel_skill object (40)\"}}, {\"added\": {\"name\": \"rel_skill\", \"object\": \"rel_skill object (41)\"}}, {\"added\": {\"name\": \"rel_skill\", \"object\": \"rel_skill object (42)\"}}, {\"added\": {\"name\": \"rel_language\", \"object\": \"rel_language object (6)\"}}, {\"added\": {\"name\": \"rel_language\", \"object\": \"rel_language object (7)\"}}]"}}, {"model": "admin.logentry", "pk": 127, "fields": {"action_time": "2018-11-11T10:31:27.475Z", "user": 1, "content_type": 22, "object_id": "4", "object_repr": "Vincent Amant", "action_flag": 2, "change_message": "[]"}}, {"model": "admin.logentry", "pk": 128, "fields": {"action_time": "2018-11-14T11:16:22.241Z", "user": 1, "content_type": 20, "object_id": "10", "object_repr": "Attractive", "action_flag": 2, "change_message": "[{\"changed\": {\"fields\": [\"basecost\"]}}]"}}, {"model": "admin.logentry", "pk": 129, "fields": {"action_time": "2018-11-14T11:21:28.350Z", "user": 1, "content_type": 20, "object_id": "21", "object_repr": "Channeling", "action_flag": 1, "change_message": "[{\"added\": {}}]"}}, {"model": "admin.logentry", "pk": 130, "fields": {"action_time": "2018-11-14T11:21:51.975Z", "user": 1, "content_type": 20, "object_id": "22", "object_repr": "Medium", "action_flag": 1, "change_message": "[{\"added\": {}}]"}}, {"model": "admin.logentry", "pk": 131, "fields": {"action_time": "2018-11-14T11:22:29.072Z", "user": 1, "content_type": 20, "object_id": "23", "object_repr": "Autotrance", "action_flag": 1, "change_message": "[{\"added\": {}}]"}}, {"model": "admin.logentry", "pk": 132, "fields": {"action_time": "2018-11-14T11:23:17.301Z", "user": 1, "content_type": 20, "object_id": "24", "object_repr": "Claim to Hospitality", "action_flag": 1, "change_message": "[{\"added\": {}}]"}}, {"model": "admin.logentry", "pk": 133, "fields": {"action_time": "2018-11-14T11:25:46.051Z", "user": 1, "content_type": 20, "object_id": "25", "object_repr": "Sensitive Empathy", "action_flag": 1, "change_message": "[{\"added\": {}}]"}}, {"model": "admin.logentry", "pk": 134, "fields": {"action_time": "2018-11-14T11:26:21.475Z", "user": 1, "content_type": 22, "object_id": "3", "object_repr": "Rosa Laveau", "action_flag": 2, "change_message": "[{\"changed\": {\"fields\": [\"dx\", \"iq\", \"hp\", \"will\", \"per\", \"fp\", \"sm\"]}}, {\"added\": {\"name\": \"rel_advantage\", \"object\": \"1\"}}, {\"added\": {\"name\": \"rel_advantage\", \"object\": \"None\"}}, {\"added\": {\"name\": \"rel_advantage\", \"object\": \"None\"}}, {\"added\": {\"name\": \"rel_advantage\", \"object\": \"None\"}}, {\"added\": {\"name\": \"rel_advantage\", \"object\": \"None\"}}, {\"added\": {\"name\": \"rel_advantage\", \"object\": \"None\"}}, {\"added\": {\"name\": \"rel_advantage\", \"object\": \"None\"}}]"}}, {"model": "admin.logentry", "pk": 135, "fields": {"action_time": "2018-11-14T11:27:48.714Z", "user": 1, "content_type": 25, "object_id": "6", "object_repr": "Defensive", "action_flag": 1, "change_message": "[{\"added\": {}}, {\"added\": {\"name\": \"modifier\", \"object\": \"Defensive\"}}]"}}, {"model": "admin.logentry", "pk": 136, "fields": {"action_time": "2018-11-14T11:29:13.975Z", "user": 1, "content_type": 30, "object_id": "12", "object_repr": "Charitable", "action_flag": 1, "change_message": "[{\"added\": {}}]"}}, {"model": "admin.logentry", "pk": 137, "fields": {"action_time": "2018-11-14T11:29:59.182Z", "user": 1, "content_type": 30, "object_id": "13", "object_repr": "Unnatural Features", "action_flag": 1, "change_message": "[{\"added\": {}}]"}}, {"model": "admin.logentry", "pk": 138, "fields": {"action_time": "2018-11-14T11:30:44.030Z", "user": 1, "content_type": 30, "object_id": "14", "object_repr": "Fanaticism", "action_flag": 1, "change_message": "[{\"added\": {}}]"}}, {"model": "admin.logentry", "pk": 139, "fields": {"action_time": "2018-11-14T11:31:32.139Z", "user": 1, "content_type": 30, "object_id": "15", "object_repr": "Guilt Complex", "action_flag": 1, "change_message": "[{\"added\": {}}]"}}, {"model": "admin.logentry", "pk": 140, "fields": {"action_time": "2018-11-14T11:31:52.981Z", "user": 1, "content_type": 30, "object_id": "16", "object_repr": "Lecherousness", "action_flag": 1, "change_message": "[{\"added\": {}}]"}}, {"model": "admin.logentry", "pk": 141, "fields": {"action_time": "2018-11-14T11:32:27.802Z", "user": 1, "content_type": 30, "object_id": "17", "object_repr": "Pacifism", "action_flag": 1, "change_message": "[{\"added\": {}}]"}}, {"model": "admin.logentry", "pk": 142, "fields": {"action_time": "2018-11-14T11:32:45.293Z", "user": 1, "content_type": 30, "object_id": "18", "object_repr": "Secret", "action_flag": 1, "change_message": "[{\"added\": {}}]"}}, {"model": "admin.logentry", "pk": 143, "fields": {"action_time": "2018-11-14T11:33:04.236Z", "user": 1, "content_type": 22, "object_id": "3", "object_repr": "Rosa Laveau", "action_flag": 2, "change_message": "[{\"changed\": {\"name\": \"rel_advantage\", \"object\": \"None\", \"fields\": [\"modifiers\"]}}, {\"added\": {\"name\": \"rel_disadvantage\", \"object\": \"None\"}}, {\"added\": {\"name\": \"rel_disadvantage\", \"object\": \"None\"}}, {\"added\": {\"name\": \"rel_disadvantage\", \"object\": \"None\"}}, {\"added\": {\"name\": \"rel_disadvantage\", \"object\": \"None\"}}, {\"added\": {\"name\": \"rel_disadvantage\", \"object\": \"None\"}}, {\"added\": {\"name\": \"rel_disadvantage\", \"object\": \"None\"}}, {\"added\": {\"name\": \"rel_disadvantage\", \"object\": \"None\"}}]"}}, {"model": "admin.logentry", "pk": 144, "fields": {"action_time": "2018-11-14T11:35:36.956Z", "user": 1, "content_type": 30, "object_id": "19", "object_repr": "Enemy (Local law-enforcement agency; Watcher; 9 or less)", "action_flag": 1, "change_message": "[{\"added\": {}}]"}}, {"model": "admin.logentry", "pk": 145, "fields": {"action_time": "2018-11-14T11:35:59.899Z", "user": 1, "content_type": 30, "object_id": "20", "object_repr": "Callous", "action_flag": 1, "change_message": "[{\"added\": {}}]"}}, {"model": "admin.logentry", "pk": 146, "fields": {"action_time": "2018-11-14T11:36:28.266Z", "user": 1, "content_type": 30, "object_id": "21", "object_repr": "Compulsive Lying", "action_flag": 1, "change_message": "[{\"added\": {}}]"}}, {"model": "admin.logentry", "pk": 147, "fields": {"action_time": "2018-11-14T11:37:19.763Z", "user": 1, "content_type": 30, "object_id": "22", "object_repr": "Megalomania", "action_flag": 1, "change_message": "[{\"added\": {}}]"}}, {"model": "admin.logentry", "pk": 148, "fields": {"action_time": "2018-11-14T11:37:35.729Z", "user": 1, "content_type": 22, "object_id": "2", "object_repr": "Esther Fayette", "action_flag": 2, "change_message": "[{\"added\": {\"name\": \"rel_disadvantage\", \"object\": \"None\"}}, {\"added\": {\"name\": \"rel_disadvantage\", \"object\": \"None\"}}, {\"added\": {\"name\": \"rel_disadvantage\", \"object\": \"None\"}}, {\"added\": {\"name\": \"rel_disadvantage\", \"object\": \"None\"}}, {\"added\": {\"name\": \"rel_disadvantage\", \"object\": \"None\"}}]"}}, {"model": "admin.logentry", "pk": 149, "fields": {"action_time": "2018-11-18T11:43:57.921Z", "user": 1, "content_type": 22, "object_id": "2", "object_repr": "Esther Fayette", "action_flag": 2, "change_message": "[{\"added\": {\"name\": \"rel_possession\", \"object\": \"1x Cigarette Lighter\"}}]"}}]